Workbook

Sheet Inputs
A1: Key | B1: Description | C1: Value | D1: Unit / Notes
A2: Devices | B2: Количество устройств (NAC endpoints) | C2: 8000 | D2: шт
A3: Access Method | B3: Механизм аутентификации | C3: MAB
A4: PeakRpsInput | B4: Пиковый RPS (если задан напрямую) | C4: 0 | D4: req/s
A5: HeadroomPct | B5: Запас по производительности (Headroom H), % | C5: 25 | D5: %
A6: DcCount | B6: Количество ЦОД (active-active) | C6: 1 | D6: шт
A7: GatewayEnabled | B7: Учитывать накладные Gateway (0 = нет, 1 = да) | C7: 1 | D7: 0/1
A8: GatewayOverheadPct | B8: Надбавка Gateway, % | C8: 10 | D8: %
A9: OcspEnabled | B9: Учитывать OCSP (0 = нет, 1 = да) | C9: 1 | D9: 0/1
A10: AccountingEnabled | B10: Учитывать аудит (аккаунтинг) | C10: 1 | D10: 0/1
A11: MacSpoofing | B11: Учитывать МАС-spoofing (только для МАВ) (0 = нет, 1 = да) | C11: 1 | D11: 0/1
A12: NodeCountPerDc | B12: Количество нод в одном ЦОД | C12: 3 | D12: шт
A13: AuthAttemptsPerDevicePerDay | B13: Количество подключений каждого устройства в день | C13: 2 | D13: раз(а)
A14: Retention_days | B14: Период сохранения данных в БД, дней | C14: 14 | D14: дней
A15: СПРАВОЧНЫЕ ДАННЫЕ, НЕ МЕНЯТЬ:
A16: ConcurrentPeakPct | B16: Одновременные подключения, % | C16: 30 | D16: %
A17: BurstWindowSec | B17: Окно всплеска, сек | C17: 60 | D17: сек
A18: SLA_p95_sec | B18: Целевой p95, сек | C18: 1.5 | D18: сек

Sheet Coefficients
A1: Mechanism | B1: Коэфф | C1: Значение | D1: Описание | E1: Методика рассчета
A2: EAP-TLS | B2: NominalRpsPerPod | C2: 20 | D2: Комфортный RPS на один pod (без OCSP) | E2: Комфортный RPS на один pod (без OCSP). Выбран на основе тестов 45 и 126: pod выдерживает 20–26 RPS, для модели берём консервативное значение 20 RPS/pod.
A3: EAP-TLS | B3: CpuPeakPerRps | C3: 0.09 | D3: Пиковое потребление CPU (core) на 1 RPS/pod | E3: Коэффициент получен из измерений нагрузки: pod edo-radius потреблял ~2.0–2.3 core при нагрузке ~22–25 RPS. Пример оценки: 2.1 core / 23 RPS ≈ 0.091 core на 1 RPS на pod. Для модели округляем до 0.09 core/RPS/pod.
A4: EAP-TLS | B4: MemPeakPerRpsMiB | C4: 40 | D4: Пиковое потребление памяти (MiB) на 1 RPS/pod | E4: По замерам pod потреблял ~0.8–1.1 GiB памяти при ~22–25 RPS. Оценка: около 1000 MiB / 25 RPS ≈ 40 MiB на 1 RPS. Для модели принимаем 40 MiB/RPS/pod.
A5: EAP-TLS | B5: OCSP_Include, % | C5: 14
A6: Общее | B6: SafetyFactor | C6: 1.25 | D6: Запас между peak и limit по ресурсам pod | E6: Лимиты ресурсов пода выставляем выше измеренного пика. Коэффициент 1.25 даёт +25% запаса по CPU и памяти относительно наблюдённого максимума. Это уменьшает риск throttling’а и даёт пространство для флуктуаций нагрузки.
A7: Общее | B7: MaxNodeUtilization | C7: 0.7 | D7: Максимальная целевая загрузка ноды (70%) | E7: Инженерная практика, чтобы держать хороший баланс между эффективностью и запасом по ресурсу, не выводилась из измерений напрямую.
A8: Общее | B8: NodeHeadroom | C8: 1.15
A9: МАВ | B9: Baseline_NodeCPU_p95 | C9: 4
A10: PEAP | B10: Baseline_NodeCPU_p95 | C10: 4
A11: EAP-TLS | B11: Baseline_NodeCPU_p95 | C11: 5.1
A12: TEAP | B12: Baseline_NodeCPU_p95 | C12: 5
A13: Общее | B13: Baseline_NodeMemGiB_p95 | C13: =10+Inputs!C2*0.0006 -> 14.8 | D13: Базовая загрузка по памяти
A14: MAB | B14: NominalRpsPerPod | C14: 27 | D14: Комфортный RPS на один pod
A15: MAB | B15: CpuPeakPerRps | C15: 0.08871 | D15: Пиковое потребление CPU (core) на 1 RPS/pod
A16: MAB | B16: MemPeakPerRpsMiB | C16: 32.44 | D16: Пиковое потребление памяти (MiB) на 1 RPS/pod
A17: PEAP | B17: NominalRpsPerPod | C17: 12 | D17: Комфортный RPS на один pod | E17: По отфильтрованным прогонам PEAP (без таймаутов и с Iteration Duration Max < 40s): медиана Client Peak RPS/pod ≈ 11.6, p75 ≈ 12.9; для модели берём консервативно 12 RPS/pod.
A18: PEAP | B18: CpuPeakPerRps | C18: 0.21 | D18: Пиковое потребление CPU (core) на 1 RPS на pod | E18: Оценка по пикам CPU и фактическому RPS/pod в выбранных прогонах. При RPS/pod ~10–15 наблюдаем 0.19–0.23 core/RPS; берём 0.21 core/RPS/pod.
A19: PEAP | B19: MemPeakPerRpsMiB | C19: 70 | D19: Пиковое потребление памяти (MiB) на 1 RPS на pod | E19: Для RPS/pod ~10–15 наблюдаем ~60–84 MiB/RPS (медиана ~70); для модели берём 70 MiB/RPS/pod.
A20: EAP-TEAP | B20: NominalRpsPerPod | C20: 7.4 | D20: Комфортный RPS на один pod
A21: EAP-TEAP | B21: CpuPeakPerRps | C21: 0.23 | D21: Пиковое потребление CPU (core) на 1 RPS/pod
A22: EAP-TEAP | B22: MemPeakPerRpsMiB | C22: 85 | D22: Пиковое потребление памяти (MiB) на 1 RPS/pod
A23: MAB_MAC_Spoofing | B23: NominalRpsPerPod | C23: 20 | D23: Sweet spot по latency (18–22 RPS/pod)
A24: MAB_MAC_Spoofing | B24: CpuPeakPerRps | C24: 0.14 | D24: Envelope по всем прогонам c включенным спуфингом
A25: MAB_MAC_Spoofing | B25: MemPeakPerRpsMiB | C25: 50 | D25: Учитывает accounting + state
A26: MAB+Accounting | B26: NominalRpsPerPod | C26: 22 | D26: Комфортный RPS на pod с accounting
A27: MAB+Accounting | B27: CpuPeakPerRps | C27: 0.11 | D27: CPU peak per RPS/pod (≈ +23%)
A28: MAB+Accounting | B28: MemPeakPerRpsMiB | C28: 40 | D28: Memory peak per RPS/pod (≈ +23%)
A29: Общее+Accounting | B29: AccountingCpuOverhead | C29: 1.23
A30: Общее+Accounting | B30: AccountingMemOverhead | C30: 1.23
A31: MAB_MAC_Spoofing | B31: SpoofingMemOverhead | C31: =(C25-C28)/C28+1 -> 1.25 | D31: Дополнительный оверхед памяти с проверкой на МАС-спуфинг (по сравнению с МАВ + аккаунтинг)
A32: MAB_MAC_Spoofing | B32: SpoofingCpuOverhead | C32: =(C24-C27)/C27+1 -> 1.2727273 | D32: Дополнительный оверхед по процу с проверкой на МАС-спуфинг (по сравнению с МАВ+аккаунтинг)
B33: AccountingOverheadPeakRps | C33: =C26/C14 -> 0.81481481
A34: Общее | B34: BytesPerAccountingSession | C34: 519 | D34: Средний объём одной accounting-сессии в acs.radacct | E34: Общий размер таблицы radacct (heap + indexes) / общее число строк. Подтверждено замерами на MAB-прогонах.
A35: MAB | B35: BytesPerAuthAttempt | C35: 9248 | D35: Средний объём данных на одну попытку аутентификации MAB (без учёта accounting) | E35: acs.radpostauth (1 748 B/auth) + acs.trace_rad_auth_messages (≈7 500 B/auth).
A36: MAB (no spoofing) | B36: BytesPerSession | C36: 9767 | D36: Средний объём данных на одну MAB-сессию без MAC-spoofing | E36: BytesPerAccountingSession + BytesPerAuthAttempt.
A37: MAB (with spoofing) | B37: BytesPerSessionSpoofing | C37: 19016 | D37: Средний объём данных на одну MAB-сессию с MAC-spoofing | E37: BytesPerAccountingSession + 2 × BytesPerAuthAttempt (два auth attempt на одну сессию).
A38: PEAP MSCHAPv2 | B38: BytesPerAuthAttempt | C38: 44882 | D38: Средний объём данных на одну аутентификацию PEAP | E38: acs.radpostauth (≈4.2 KB/auth) + acs.trace_rad_auth_messages (≈39.7 KB/auth), рассчитано по окну теста.
A39: EAP-TLS | B39: BytesPerAuthAttempt | C39: 36016 | D39: Средний объём данных на одну аутентификацию EAP-TLS | E39: acs.radpostauth (≈4.1 KB/auth) + acs.trace_rad_auth_messages (≈22.6 KB/auth), по нагрузочным замерам.
A40: TEAP | B40: BytesPerAuthAttempt | C40: 168447 | D40: Средний объём данных на одну аутентификацию TEAP | E40: acs.radpostauth (≈3.4 KB/auth) + acs.trace_rad_auth_messages (≈161 KB/auth). Высокий объём обусловлен количеством trace-событий (~268 на auth).
A41: Общее (для EAP-TLS и TEAP) | B41: BytesPerAuthOCSPCheck | C41: 441.3

Sheet Вычисления
A1: Parameter | B1: Description | C1: EAP-TLS | D1: MAB | E1: PEAP | F1: MAB + Acct + MAC-spoofing | G1: MAB + Acct | H1: PEAP + Acct | I1: TEAP + Acct
A2: Devices | B2: Количество устройств | C2: =Inputs!$C2 -> 8000 | D2: =Inputs!$C2 -> 8000 | E2: =Inputs!$C2 -> 8000 | F2: =Inputs!$C2 -> 8000 | G2: =Inputs!$C2 -> 8000 | H2: =Inputs!$C2 -> 8000 | I2: =Inputs!$C2 -> 8000
A3: ConcurrentPeakPct | B3: Одновременные подключения, % | C3: =Inputs!C16 -> 30 | D3: =Inputs!C16 -> 30 | E3: =Inputs!C16 -> 30 | F3: =Inputs!$C16 -> 30 | G3: =Inputs!$C16 -> 30 | H3: =Inputs!$C16 -> 30 | I3: =Inputs!$C16 -> 30
A4: BurstWindowSec | B4: Окно всплеска, сек | C4: =Inputs!C17 -> 60 | D4: =Inputs!C17 -> 60 | E4: =Inputs!C17 -> 60 | F4: =Inputs!$C17 -> 60 | G4: =Inputs!$C17 -> 60 | H4: =Inputs!$C17 -> 60 | I4: =Inputs!$C17 -> 60
A5: PeakRpsInput | B5: Пиковый RPS (если задан напрямую) | C5: =Inputs!C4 -> 0 | D5: =Inputs!C4 -> 0 | E5: =Inputs!C4 -> 0 | F5: =Inputs!$C4 -> 0 | G5: =Inputs!$C4 -> 0 | H5: =Inputs!$C4 -> 0 | I5: =Inputs!$C4 -> 0
A6: HeadroomPct | B6: Запас по производительности, % | C6: =Inputs!C5 -> 25 | D6: =Inputs!C5 -> 25 | E6: =Inputs!C5 -> 25 | F6: =Inputs!$C5 -> 25 | G6: =Inputs!$C5 -> 25 | H6: =Inputs!$C5 -> 25 | I6: =Inputs!$C5 -> 25
A7: GatewayEnabled | B7: Gateway включен (0/1) | C7: =Inputs!C7 -> 1 | D7: =Inputs!C7 -> 1 | E7: =Inputs!C7 -> 1 | F7: =Inputs!$C7 -> 1 | G7: =Inputs!$C7 -> 1 | H7: =Inputs!$C7 -> 1 | I7: =Inputs!$C7 -> 1
A8: GatewayOverheadPct | B8: Надбавка Gateway, % | C8: =Inputs!C8 -> 10 | D8: =Inputs!C8 -> 10 | E8: =Inputs!C8 -> 10 | F8: =Inputs!$C8 -> 10 | G8: =Inputs!$C8 -> 10 | H8: =Inputs!$C8 -> 10 | I8: =Inputs!$C8 -> 10
A9: AccountingEnabled | B9: Аккаунтинг включен (0/1) | C9: =Inputs!$C10 -> 1 | D9: =Inputs!$C10 -> 1 | E9: =Inputs!$C10 -> 1 | F9: 1 | G9: 1 | H9: 1 | I9: =Inputs!$C10 -> 1
A10: OcspEnabled | B10: OCSP включен (0/1) | C10: =Inputs!$C9 -> 1 | D10: N/A | E10: N/A | F10: N/A | G10: N/A | H10: N/A | I10: =Inputs!$C9 -> 1
A11: OcspOverheadPct | B11: Надбавка OCSP, % | C11: =Coefficients!C5 -> 14 | D11: N/A | E11: N/A | F11: N/A | G11: N/A | H11: N/A | I11: 39
A12: AuthAttemptsPerDevicePerDay | B12: Количество подключений каждого устройства в день | C12: =Inputs!$C13 -> 2 | D12: =Inputs!$C13 -> 2 | E12: =Inputs!$C13 -> 2 | F12: =Inputs!$C13 -> 2 | G12: =Inputs!$C13 -> 2 | H12: =Inputs!$C13 -> 2 | I12: =Inputs!$C13 -> 2
A13: Retention_days | B13: Период сохранения данных в БД, дней | C13: =Inputs!$C14 -> 14 | D13: =Inputs!$C14 -> 14 | E13: =Inputs!$C14 -> 14 | F13: =Inputs!$C14 -> 14 | G13: =Inputs!$C14 -> 14 | H13: =Inputs!$C14 -> 14 | I13: =Inputs!$C14 -> 14
A16: ConcurrentDevices | B16: Количество одновременных устройств | C16: =C2*C3/100 -> 2400 | D16: =C2*C3/100 -> 2400 | E16: =C2*C3/100 -> 2400 | F16: =D2*D3/100 -> 2400 | G16: =E2*E3/100 -> 2400 | H16: =F2*F3/100 -> 2400 | I16: =G2*G3/100 -> 2400
A17: RpsFromDevices | B17: RPS, рассчитанный из Devices/Concurrent/Burst | C17: =C16/C4 -> 40 | D17: =D16/D4 -> 40 | E17: =E16/E4 -> 40 | F17: =F16/F4 -> 40 | G17: =G16/G4 -> 40 | H17: =H16/H4 -> 40 | I17: =I16/I4 -> 40
A18: BasePeakRps | B18: Базовый пиковый RPS (max из заданного и рассчитанного) | C18: =IF(C5>0,MAX(C5,C17),C17) -> 40 | D18: =IF(C5>0,MAX(C5,C17),C17) -> 40 | E18: =IF(C5>0,MAX(C5,C17),C17) -> 40 | F18: =IF(D5>0,MAX(D5,D17),D17) -> 40 | G18: =IF(E5>0,MAX(E5,E17),E17) -> 40 | H18: =IF(H5>0,MAX(H5,H17),H17) -> 40 | I18: =IF(I5>0,MAX(I5,I17),I17) -> 40
A19: RpsWithGw | B19: RPS с учётом Gateway | C19: =IF(C7=1,C18*(1+C8/100),C18) -> 44 | D19: =IF(D7=1,D18*(1+D8/100),D18) -> 44 | E19: =IF(E7=1,E18*(1+E8/100),E18) -> 44 | F19: =IF(F7=1,F18*(1+F8/100),F18) -> 44 | G19: =IF(G7=1,G18*(1+G8/100),G18) -> 44 | H19: =IF(H7=1,H18*(1+H8/100),H18) -> 44 | I19: =IF(I7=1,I18*(1+I8/100),I18) -> 44
A20: TargetRpsBase | B20: RPS с учётом Headroom (без OCSP) | C20: =C19*(1+C6/100) -> 55 | D20: =D19*(1+D6/100) -> 55 | E20: =E19*(1+E6/100) -> 55 | F20: =F19*(1+F6/100) -> 55 | G20: =G19*(1+G6/100) -> 55 | H20: =H19*(1+H6/100) -> 55 | I20: =I19*(1+I6/100) -> 55
A21: TargetRpsAccountingBase | B21: RPS с учетом аккаунтинга (если включен) | C21: =IF(C9=1,C20/Coefficients!$C33,C20) -> 67.5 | D21: =IF(D9=1,D20/Coefficients!$C33,D20) -> 67.5 | E21: =IF(E9=1,E20/Coefficients!$C33,E20) -> 67.5 | F21: =IF(F9=1,F20/Coefficients!$C33,F20) -> 67.5 | G21: =IF(G9=1,G20/Coefficients!$C33,G20) -> 67.5 | H21: =IF(H9=1,H20/Coefficients!$C33,H20) -> 67.5 | I21: =IF(I9=1,I20/Coefficients!$C33,I20) -> 67.5
A22: TargetRpsEffective | B22: Итоговый RPS (с учётом OCSP, если включен) | C22: =IF(C10=1,C21*(1+C11/100),C21) -> 76.95 | D22: =IF(D10=1,D21*(1+D11/100),D21) -> 67.5 | E22: =IF(E10=1,E21*(1+E11/100),E21) -> 67.5 | F22: =IF(F10=1,F21*(1+F11/100),F21) -> 67.5 | G22: =IF(G10=1,G21*(1+G11/100),G21) -> 67.5 | H22: =IF(H10=1,H21*(1+H11/100),H21) -> 67.5 | I22: =IF(I10=1,I21*(1+I11/100),I21) -> 93.825
A25: Scenario1_PodsCalculated | B25: Расчётное количество pod (до минимума) | C25: =ROUNDUP(C22/Coefficients!C2,0) -> 4 | D25: =ROUNDUP(D22/Coefficients!C14,0) -> 3 | E25: =ROUNDUP(E22/Coefficients!C17,0) -> 6 | F25: =ROUNDUP(F22/Coefficients!C23,0) -> 4 | G25: =ROUNDUP(G22/(Coefficients!$C14),0) -> 3 | H25: =ROUNDUP(H22/(Coefficients!$C17),0) -> 6 | I25: =ROUNDUP(I22/(Coefficients!$C20),0) -> 13
A26: Scenario1_MinPods | B26: Минимальное количество pod | C26: =3 -> 3 | D26: 3 | E26: 4 | F26: 3 | G26: 3 | H26: 3 | I26: 6
A27: Scenario1_PodsFinal | B27: Итоговое количество pod | C27: =CEILING(MAX(C25,C26)/ Inputs!$C12, 1) * Inputs!$C12 -> 6 | D27: =CEILING(MAX(D25,D26)/ Inputs!$C12, 1) * Inputs!$C12 -> 3 | E27: =CEILING(MAX(E25,E26)/ Inputs!$C12, 1) * Inputs!$C12 -> 6 | F27: =CEILING(MAX(F25,F26)/ Inputs!$C12, 1) * Inputs!$C12 -> 6 | G27: =CEILING(MAX(G25,G26)/ Inputs!$C12, 1) * Inputs!$C12 -> 3 | H27: =CEILING(MAX(H25,H26)/ Inputs!$C12, 1) * Inputs!$C12 -> 6 | I27: =CEILING(MAX(I25,I26)/ Inputs!$C12, 1) * Inputs!$C12 -> 15
A28: Scenario1_RpsPerPod | B28: Фактический RPS на pod | C28: =C22/C27 -> 12.825 | D28: =D22/D27 -> 22.5 | E28: =E22/E27 -> 11.25 | F28: =F22/F27 -> 11.25 | G28: =G22/G27 -> 22.5 | H28: =H22/H27 -> 11.25 | I28: =I22/I27 -> 6.255
A30: Scenario1_PodCpuLimitCores | B30: Лимит CPU (cores) на pod | C30: =C28*Coefficients!C3*Coefficients!C6 -> 1.4428125 | D30: =D28*Coefficients!C15*Coefficients!C6 -> 2.4949687 | E30: =E28*Coefficients!$C18*Coefficients!$C6 -> 2.953125 | F30: =F28*Coefficients!C24*Coefficients!C6 -> 1.96875 | G30: =G28*Coefficients!C27*Coefficients!C6 -> 3.09375 | H30: =H28*Coefficients!$C18*Coefficients!$C6 -> 2.953125 | I30: =I28*Coefficients!$C21*Coefficients!$C6*IF(I9=1,Coefficients!C29) -> 2.2119244
A31: Scenario1_PodCpuLimit_mCPU | B31: Лимит CPU (mCPU) на pod | C31: =ROUNDUP(C30*1000,10) -> 1442.8125 | D31: =ROUNDUP(D30*1000,10) -> 2494.9688 | E31: =ROUNDUP(E30*1000,10) -> 2953.125 | F31: =ROUNDUP(F30*1000,10) -> 1968.75 | G31: =ROUNDUP(G30*1000,10) -> 3093.75 | H31: =ROUNDUP(H30*1000,10) -> 2953.125 | I31: =ROUNDUP(I30*1000,10) -> 2211.9244
A32: Scenario1_PodMemLimitMiB | B32: Лимит памяти (MiB) на pod | C32: =MAX(1024,CEILING(C28*Coefficients!C4*Coefficients!C6,64)) -> 1024 | D32: =MAX(1024,CEILING(D28*Coefficients!C16*Coefficients!C6,64)) -> 1024 | E32: =MAX(1024,CEILING(E28*Coefficients!$C19*Coefficients!$C6,64)) -> 1024 | F32: =MAX(1024,CEILING(F28*Coefficients!C25*Coefficients!C6,64)) -> 1024 | G32: =MAX(1024,CEILING(G28*Coefficients!C16*Coefficients!C6*Coefficients!C30,64)) -> 1152 | H32: =MAX(1024,CEILING(H28*Coefficients!$C19*Coefficients!$C6,64)) -> 1024 | I32: =MAX(1024,CEILING(I28*Coefficients!$C22*Coefficients!$C6*IF(I9=1,Coefficients!C30),64)) -> 1024
A33: Scenario1_PodCpuRequest_mCPU | B33: Request CPU (mCPU) на pod | C33: =ROUNDUP(C31*0.6,10) -> 865.6875 | D33: =ROUNDUP(D31*0.6,10) -> 1496.9813 | E33: =ROUNDUP(E31*0.6,10) -> 1771.875 | F33: =ROUNDUP(F31*0.6,10) -> 1181.25 | G33: =ROUNDUP(G31*0.6,10) -> 1856.25 | H33: =ROUNDUP(H31*0.6,10) -> 1771.875 | I33: =ROUNDUP(I31*0.6,10) -> 1327.1546
A34: Scenario1_PodMemRequestMiB | B34: Request памяти (MiB) на pod | C34: =CEILING(C32*0.6,64) -> 640 | D34: =CEILING(D32*0.6,64) -> 640 | E34: =CEILING(E32*0.6,64) -> 640 | F34: =CEILING(F32*0.6,64) -> 640 | G34: =CEILING(G32*0.6,64) -> 704 | H34: =CEILING(H32*0.6,64) -> 640 | I34: =CEILING(I32*0.6,64) -> 640
A36: Scenario1_DcTotalCpu_mCPU | B36: Суммарный лимит CPU (mCPU) подов в одном ЦОД | C36: =C27*C31 -> 8656.875 | D36: =D27*D31 -> 7484.9062 | E36: =E27*E31 -> 17718.75 | F36: =F27*F31 -> 11812.5 | G36: =G27*G31 -> 9281.25 | H36: =H27*H31 -> 17718.75 | I36: =I27*I31 -> 33178.866
A37: Scenario1_DcTotalCpuCores | B37: Суммарный лимит CPU (cores) подов в одном ЦОД | C37: =C36/1000 -> 8.656875 | D37: =D36/1000 -> 7.4849062 | E37: =E36/1000 -> 17.71875 | F37: =F36/1000 -> 11.8125 | G37: =G36/1000 -> 9.28125 | H37: =H36/1000 -> 17.71875 | I37: =I36/1000 -> 33.178866
A38: Scenario1_DcTotalMemMiB | B38: Суммарный лимит памяти (MiB) подов в одном ЦОД | C38: =C27*C32 -> 6144 | D38: =D27*D32 -> 3072 | E38: =E27*E32 -> 6144 | F38: =F27*F32 -> 6144 | G38: =G27*G32 -> 3456 | H38: =H27*H32 -> 6144 | I38: =I27*I32 -> 15360
A39: Scenario1_DcTotalMemGiB | B39: Суммарный лимит памяти (GiB) подов в одном ЦОД | C39: =C38/1024 -> 6 | D39: =D38/1024 -> 3 | E39: =E38/1024 -> 6 | F39: =F38/1024 -> 6 | G39: =G38/1024 -> 3.375 | H39: =H38/1024 -> 6 | I39: =I38/1024 -> 15
A40: Scenario1_DcCpuCoresWithUtil | B40: CPU с учётом целевой загрузки нод | C40: =C37/Coefficients!C7 -> 12.366964 | D40: =D37/Coefficients!C7 -> 10.692723 | E40: =E37/Coefficients!$C7 -> 25.3125 | F40: =F37/Coefficients!C7 -> 16.875 | G40: =G37/Coefficients!C7 -> 13.258929 | H40: =H37/Coefficients!$C7 -> 25.3125 | I40: =I37/Coefficients!$C7 -> 47.398379
A41: Scenario1_DcMemGiBWithUtil | B41: Память (GiB) с учётом целевой загрузки нод | C41: =C39/Coefficients!C7 -> 8.5714286 | D41: =D39/Coefficients!C7 -> 4.2857143 | E41: =E39/Coefficients!$C7 -> 8.5714286 | F41: =F39/Coefficients!C7 -> 8.5714286 | G41: =G39/Coefficients!C7 -> 4.8214286 | H41: =H39/Coefficients!$C7 -> 8.5714286 | I41: =I39/Coefficients!$C7 -> 21.428571
A43: Scenario1_NodeMemSizeGib | B43: Сырое значение памяти на ноду + бейзлайн | C43: =(C27*C32/Inputs!$C12/1024+Coefficients!$C$13)*Coefficients!$C8 -> 19.32 | D43: =(D27*D32/Inputs!$C12/1024+Coefficients!$C$13)*Coefficients!$C8 -> 18.17 | E43: =(E27*E32/Inputs!$C12/1024+Coefficients!$C$13)*Coefficients!$C8 -> 19.32 | F43: =(F27*F32/Inputs!$C12/1024+Coefficients!$C$13)*Coefficients!$C8 -> 19.32 | G43: =(G27*G32/Inputs!$C12/1024+Coefficients!$C$13)*Coefficients!$C8 -> 18.31375 | H43: =(H27*H32/Inputs!$C12/1024+Coefficients!$C$13)*Coefficients!$C8 -> 19.32 | I43: =(I27*I32/Inputs!$C12/1024+Coefficients!$C$13)*Coefficients!$C8 -> 22.77
B44: Количество занятой памяти в таблице, Гб (количество сессий * количество дней retention period * память на сессию одного устройства в байтах * количество устройств) | C44: =(Coefficients!C39+IF(C10=1,Coefficients!C34)+IF(C10=1,Coefficients!C41))*C12*C13*C2/1024/1024/1024 -> 7.7138573 | D44: =Coefficients!C35*D12*D13*D2/1024/1024/1024 -> 1.9292831 | E44: =Coefficients!C38*E12*E13*E2/1024/1024/1024 -> 9.3631148 | F44: =(Coefficients!$C$34+Coefficients!$C$35+Coefficients!$C$37)*F12*F13*F2/1024/1024/1024 -> 6.0046017 | G44: =(Coefficients!$C$34+Coefficients!$C$35)*G12*G13*G2/1024/1024/1024 -> 2.037555 | H44: =(Coefficients!C34+Coefficients!C38)*H12*H13*H2/1024/1024/1024 -> 9.4713867 | I44: =(Coefficients!C40+IF(C10=1,Coefficients!C34)+IF(I10=1,Coefficients!C41))*I12*I13*I2/1024/1024/1024 -> 35.341117

Sheet Расчеты_МАВ
A1: Devices max | B1: Target RPS (с запасами) | C1: Pods min при 27 RPS/pod
A2: 5 000 | B2: 34.375 | C2: 2
A3: 10 000 | B3: 68.75 | C3: 3
A4: 12 000 | B4: 82.5 | C4: 4
A5: 15 000 | B5: 103.125 | C5: 4
A6: 20 000 | B6: 137.5 | C6: 6

Sheet Калькулятор
A1: ProfileName | B1: Типовой профиль по количеству устройств | C1: =IF('Вычисления'!C2<=5000,"EAP-TLS: A: до 5k устройств",IF('Вычисления'!C2<=10000,"EAP-TLS: B: 5k–10k",IF('Вычисления'!C2<=12000,"EAP-TLS: C: 10k–12k",IF('Вычисления'!C2<=15000,"EAP-TLS: D: 12k–15k",IF('Вычисления'!C2<=20000,"EAP-TLS: E: 15k–20k","EAP-TLS: Вне типовых профилей"))))) -> EAP-TLS: B: 5k–10k | D1: =IF('Вычисления'!D2<=5000,"MAB: A: до 5k устройств",IF('Вычисления'!D2<=10000,"MAB: B: 5k–10k",IF('Вычисления'!D2<=12000,"MAB: C: 10k–12k",IF('Вычисления'!D2<=15000,"MAB: D: 12k–15k",IF('Вычисления'!D2<=20000,"MAB: E: 15k–20k","MAB: Вне типовых профилей"))))) -> MAB: B: 5k–10k | E1: =IF('Вычисления'!C2<=5000,"PEAP: A: до 5k устройств",IF('Вычисления'!C2<=10000,"PEAP: B: 5k–10k",IF('Вычисления'!C2<=12000,"PEAP: C: 10k–12k",IF('Вычисления'!C2<=15000,"PEAP: D: 12k–15k",IF('Вычисления'!C2<=20000,"PEAP: E: 15k–20k","PEAP: Вне типовых профилей"))))) -> PEAP: B: 5k–10k | F1: MAB + Аккаунтинг + MAC-spoofing | G1: MAB+Acct | H1: PEAP+Acct | I1: TEAP+Acct
A2: Profile_MinPods | B2: Минимальное количество pod | C2: ='Вычисления'!C26 -> 3 | D2: ='Вычисления'!D26 -> 3 | E2: ='Вычисления'!E26 -> 4 | F2: ='Вычисления'!F26 -> 3 | G2: ='Вычисления'!G26 -> 3 | H2: ='Вычисления'!H26 -> 3 | I2: ='Вычисления'!I26 -> 6 | K2: Таблица CPU классов нод | L2: аблица RAM классов нод (GiB)
A3: Profile_RecommendedPods | B3: Рекомендуемое количество pod | C3: =CEILING('Вычисления'!C27 / C10, 1) * C10 -> 6 | D3: =CEILING('Вычисления'!D27 / D10, 1) * D10 -> 3 | E3: =CEILING('Вычисления'!E27 / E10, 1) * E10 -> 6 | F3: =CEILING('Вычисления'!F27 / F10, 1) * F10 -> 6 | G3: =CEILING('Вычисления'!G27 / G10, 1) * G10 -> 3 | H3: =CEILING('Вычисления'!H27 / H10, 1) * H10 -> 6 | I3: =CEILING('Вычисления'!I27 / I10, 1) * I10 -> 15 | K3: 8
A4: Required_NodeCpuCores | B4: Сырое значение CPU на ноду | C4: =C13*C3/C10+Coefficients!C11 -> 7.985625 | D4: =D13*D3/D10+Coefficients!C9 -> 6.4949687 | E4: =E13*E3/E10+Coefficients!C10 -> 9.90625 | F4: =F13*F3/F10+Coefficients!C10 -> 7.9375 | G4: =G13*G3/G10+Coefficients!$C10 -> 7.09375 | H4: =H13*H3/H10+Coefficients!$C10 -> 9.90625 | I4: =I13*I3/I10+Coefficients!$C12 -> 16.059622 | K4: 12 | L4: 24
A5: Profile_NodeCpuCores | B5: CPU на ноду (vCPU, профиль) | C5: =IFERROR( XLOOKUP( C4, $K$2:$K$5, $K$2:$K$5, , 1), "--" ) -> 8 | D5: =IFERROR( XLOOKUP( D4, $K$2:$K$5, $K$2:$K$5, , 1), "--" ) -> 8 | E5: =IFERROR( XLOOKUP( E4, $K$2:$K$5, $K$2:$K$5, , 1), "--" ) -> 12 | F5: =IFERROR( XLOOKUP( F4, $K$2:$K$5, $K$2:$K$5, , 1), "--" ) -> 8 | G5: =IFERROR( XLOOKUP( G4, $K$2:$K$5, $K$2:$K$5, , 1), "--" ) -> 8 | H5: =IFERROR( XLOOKUP( H4, $K$2:$K$5, $K$2:$K$5, , 1), "--" ) -> 12 | I5: {=IFERROR( XLOOKUP( I4, $K$2:$K$7, $K$2:$K$7, , 1), "--" )} -> 24 | K5: 16 | L5: 32
A6: Required_NodeMemGiB | B6: Сырое значение памяти на ноду + бейзлайн | C6: =(C15*C3/C10/1024+Coefficients!$C$13)*Coefficients!$C8 -> 19.32 | D6: =(D15*D3/D10/1024+Coefficients!$C$13)*Coefficients!$C8 -> 18.17 | E6: =(E15*E3/E10/1024+Coefficients!$C$13)*Coefficients!$C8 -> 19.32 | F6: =(F15*F3/F10/1024+Coefficients!$C$13)*Coefficients!$C8 -> 19.32 | G6: =(G15*G3/G10/1024+Coefficients!$C$13)*Coefficients!$C8 -> 18.31375 | H6: =(H15*H3/H10/1024+Coefficients!$C$13)*Coefficients!$C8 -> 19.32 | I6: =(I15*I3/I10/1024+Coefficients!$C$13)*Coefficients!$C8 -> 22.77 | K6: 24 | L6: 48
A7: Required_NodeMemGiB | B7: Память на ноду с учетом других сервисов | C7: =IF('Вычисления'!C2<=5000, MAX(24, 'Вычисления'!C43), IF('Вычисления'!C2<=10000, MAX(32, 'Вычисления'!C43), IF('Вычисления'!C2<=15000, MAX(48, 'Вычисления'!C43), IF('Вычисления'!C2<=20000, MAX(48, 'Вычисления'!C43), "--")))) -> 32 | D7: =IF('Вычисления'!D2<=5000, MAX(24, 'Вычисления'!D43), IF('Вычисления'!D2<=10000, MAX(32, 'Вычисления'!D43), IF('Вычисления'!D2<=20000, MAX(48, 'Вычисления'!D43), "--"))) -> 32 | E7: =IF('Вычисления'!E2<=5000, MAX(24, 'Вычисления'!E43), IF('Вычисления'!E2<=10000, MAX(32, 'Вычисления'!E43), IF('Вычисления'!E2<=15000, MAX(48, 'Вычисления'!E43), IF('Вычисления'!E2<=20000, MAX(64, 'Вычисления'!E43), "--")))) -> 32 | F7: =IF('Вычисления'!F2<=5000, MAX(24, 'Вычисления'!F43), IF('Вычисления'!F2<=10000, MAX(32, 'Вычисления'!F43), IF('Вычисления'!F2<=15000, MAX(48, 'Вычисления'!F43), IF('Вычисления'!F2<=20000, MAX(64, 'Вычисления'!F43), "--")))) -> 32 | G7: =IF('Вычисления'!G2<=5000, MAX(24, 'Вычисления'!G43), IF('Вычисления'!G2<=10000, MAX(32, 'Вычисления'!G43), IF('Вычисления'!G2<=15000, MAX(48, 'Вычисления'!G43), IF('Вычисления'!G2<=20000, MAX(64, 'Вычисления'!G43), "--")))) -> 32 | H7: =IF('Вычисления'!H2<=5000, MAX(24, 'Вычисления'!H43), IF('Вычисления'!H2<=10000, MAX(32, 'Вычисления'!H43), IF('Вычисления'!H2<=15000, MAX(48, 'Вычисления'!H43), IF('Вычисления'!H2<=20000, MAX(64, 'Вычисления'!H43), "--")))) -> 32 | I7: =IF('Вычисления'!I2<=5000, MAX(24, 'Вычисления'!I43), IF('Вычисления'!I2<=10000, MAX(32, 'Вычисления'!I43), IF('Вычисления'!I2<=15000, MAX(48, 'Вычисления'!I43), IF('Вычисления'!I2<=20000, MAX(64, 'Вычисления'!I43), "--")))) -> 32 | K7: 32 | L7: 64
A8: NodeStorageGb | B8: Хранилище на ноду (Gb, дефолтное значение) | C8: 120 | D8: 120 | E8: 120 | F8: 120 | G8: 120 | H8: 120 | I8: 120
A9: RadAuthStorageGb | B9: Из них данных по сессиям (Gb) | C9: ='Вычисления'!C44 -> 7.7138573 | D9: ='Вычисления'!D44 -> 1.9292831 | E9: ='Вычисления'!E44 -> 9.3631148 | F9: ='Вычисления'!F44 -> 6.0046017 | G9: ='Вычисления'!G44 -> 2.037555 | H9: ='Вычисления'!H44 -> 9.4713867 | I9: ='Вычисления'!I44 -> 35.341117
A10: NodeNumber | B10: Количество нод в кластере (задается на листе Inputs) | C10: =Inputs!C12 -> 3 | D10: =Inputs!C12 -> 3 | E10: =Inputs!C12 -> 3 | F10: =Inputs!$C12 -> 3 | G10: =Inputs!$C12 -> 3 | H10: =Inputs!$C12 -> 3 | I10: =Inputs!$C12 -> 3
A11: Profile_ClusterCpuCores | B11: Общее количество CPU на кластер (vCPU, профиль) | C11: =C5*C10 -> 24 | D11: =D5*D10 -> 24 | E11: =E5*E10 -> 36 | F11: =F5*F10 -> 24 | G11: =G5*G10 -> 24 | H11: =H5*H10 -> 36 | I11: =I5*I10 -> 72
A12: Profile_ClusterMemGib | B12: Общее количество RAM на кластер (GiB, профиль) | C12: =C7*C10 -> 96 | D12: =D7*D10 -> 96 | E12: =E7*E10 -> 96 | F12: =F7*F10 -> 96 | G12: =G7*G10 -> 96 | H12: =H7*H10 -> 96 | I12: =I7*I10 -> 96
A13: PodCpuLimitCores | B13: Лимит CPU (cores) на pod | C13: ='Вычисления'!C30 -> 1.4428125 | D13: ='Вычисления'!D30 -> 2.4949687 | E13: ='Вычисления'!E30 -> 2.953125 | F13: ='Вычисления'!F30 -> 1.96875 | G13: ='Вычисления'!G30 -> 3.09375 | H13: ='Вычисления'!H30 -> 2.953125 | I13: ='Вычисления'!I30 -> 2.2119244
A14: PodCpuLimit_mCPU | B14: Лимит CPU (mCPU) на pod | C14: =ROUNDUP(C13*1000,10) -> 1442.8125 | D14: =ROUNDUP(D13*1000,10) -> 2494.9688 | E14: =ROUNDUP(E13*1000,10) -> 2953.125 | F14: =ROUNDUP(F13*1000,10) -> 1968.75 | G14: =ROUNDUP(G13*1000,10) -> 3093.75 | H14: =ROUNDUP(H13*1000,10) -> 2953.125 | I14: =ROUNDUP(I13*1000,10) -> 2211.9244
A15: PodMemLimitMiB | B15: Лимит памяти (MiB) на pod | C15: ='Вычисления'!C32 -> 1024 | D15: ='Вычисления'!D32 -> 1024 | E15: ='Вычисления'!E32 -> 1024 | F15: ='Вычисления'!F32 -> 1024 | G15: ='Вычисления'!G32 -> 1152 | H15: ='Вычисления'!H32 -> 1024 | I15: ='Вычисления'!I32 -> 1024
A16: PodCpuRequest_mCPU | B16: Request CPU (mCPU) на pod | C16: =ROUNDUP(C14*0.6,10) -> 865.6875 | D16: =ROUNDUP(D14*0.6,10) -> 1496.9813 | E16: =ROUNDUP(E14*0.6,10) -> 1771.875 | F16: =ROUNDUP(F14*0.6,10) -> 1181.25 | G16: =ROUNDUP(G14*0.6,10) -> 1856.25 | H16: =ROUNDUP(H14*0.6,10) -> 1771.875 | I16: =ROUNDUP(I14*0.6,10) -> 1327.1546
A17: PodMemRequestMiB | B17: Request памяти (MiB) на pod | C17: =CEILING(C15*0.6,64) -> 640 | D17: =CEILING(D15*0.6,64) -> 640 | E17: =CEILING(E15*0.6,64) -> 640 | F17: =CEILING(F15*0.6,64) -> 640 | G17: =CEILING(G15*0.6,64) -> 704 | H17: =CEILING(H15*0.6,64) -> 640 | I17: =CEILING(I15*0.6,64) -> 640

Sheet Результаты измерений
A1: Тест № | B1: Дата тестирования | C1: Сценарий | D1: Профиль нагрузки | E1: Начало теста (Т0) | F1: Конец теста (Т1) | G1: Planned RPS | H1: Auth Requests (increase) | I1: CPU Throttling max per pod (%) | J1: CPU Throttling avg across pods (%) | K1: Run-queue (node load1 / CPU) peak | L1: Pod Working Set Δ max (MiB) | M1: UDP drops/errors per pod (sum) | N1: UDP drops/errors per node (sum) | O1: Per-pod RPS p50 | P1: Per-pod RPS p95 | Q1: LB imbalance (CV) | R1: Actual CPU Limit (mCPU) | S1: Actual CPU Request (mCPU) | T1: Memory Limit (MiB) | U1: Memory Request (MiB) | V1: Max VUS | W1: Итераций (всего) | X1: Dropped итераций | Y1: Успешных аутентификаций | Z1: Success Rate (%) | AA1: Неудачных аутентификаций | AB1: Failure Rate (%) | AC1: Таймауты | AD1: Timeout Rate (%) | AE1: Ошибки валидации сертификата | AF1: Cert Validation Errors (%) | AG1: Auth Duration (avg, ms) | AH1: Auth Duration P95 (ms) | AI1: Auth Duration Max (ms) | AJ1: Iteration Duration (avg, ms) | AK1: Iteration Duration Max (ms) | AL1: Количество подов | AM1: Client Peak RPS (система) | AN1: Client Peak RPS per pod | AO1: Pod CPU Peak (cores) | AP1: Pod CPU Peak (mCPU) | AQ1: Pod Memory Peak (MiB) | AR1: Node CPU Utilization Peak (%) | AS1: Node Memory Utilization Peak (%) | AT1: CPU Limit Recommended (mCPU) | AU1: Memory Limit Recommended (MiB) | AV1: CPU Request Recommended (mCPU) | AW1: Memory Request Recommended (MiB) | AX1: Статус | AY1: Ссылка на дашборд | AZ1: Ссылка на снэпшот дашборда | BA1: Примечание | BB1: Команда для запуска | BC1: Уникальных пользователей | BD1: Уникальных NAS-IP | BE1: MAC-адресов | BF1: Количество нод | BG1: CPU на ноду | BH1: RAM на ноду | BI1: Storage на ноду
A2: old_1 | B2: 45961 | C2: EAP-TLS | D2: 1m@30,1m@100,1m@200,2m@50,1m@0 | E2: 45961.724 | F2: 45961.729 | G2: 200 | H2: 200003 | I2: 0.965 | J2: 0.9 | K2: 0.886 | L2: 629 | M2: 0 | N2: 0 | R2: 2500 | S2: 150 | T2: 3000 | U2: 300 | V2: 3000 | W2: 30299 | X2: 0 | Y2: 22491 | Z2: =Y2/(W2+X2) -> 0.74230173 | AA2: 7808 | AB2: =AA2/W2 -> 0.25769827 | AC2: 682 | AD2: =AC2/W2 -> 0.022508994 | AE2: 1271 | AF2: 3.53 | AG2: 4420 | AH2: 16970 | AI2: 20120 | AJ2: 4436.27 | AK2: 20896.91 | AL2: 6 | AM2: 285 | AN2: 47.5 | AO2: 2.446 | AP2: =AO2*1000 -> 2446 | AQ2: 1004 | AR2: 51.9 | AS2: 29.65 | AT2: =AP2*1.25 -> 3057.5 | AU2: =1.25*AQ2 -> 1255 | AV2: =AP2*0.65 -> 1589.9 | AW2: =AQ2*0.65 -> 652.6 | AX2: ⚠️ Требует анализа | AY2: https://10.116.41.195/grafana/d/edo-radius-full/edo-radius3a-full-auth-acct-2b-kafka-2b-infra?orgId=1&from=1761920400000&to=1761921179000 | AZ2: screencapture-10-116-41-195-grafana-d-edo-radius-full-edo-radius3a-full-auth-acct-2b-kafka-2b-infra-2025-10-31-19_00_21.pdf | BA2: High auth failure rate (21.7%), cert validation issues (3.5%), auth timeouts (1.9%) | BB2: CSV_PATH=./users-10.csv TLS_PFX_DIR=./certs-eap-tls TLS_PFX_EXT=.pfx PRIVATE_KEY_PASS=12345 TLS_MAC_FILE=./macs.txt EAPOL_NAS_IP_LIST="10.116.42.70,10.116.42.71,10.116.42.72,10.116.42.73,10.116.42.74,10.116.42.75,10.116.42.76,10.116.42.77,10.116.42.78,10.116.42.79" RADIUS_ADDRS="10.116.41.195" RADIUS_SECRET=cisco CA_CERT=./ROOT_WIN-AD.cer TLS_STAGES="1m@30,1m@100,1m@200,2m@50,1m@0" TLS_VUS=3000 TLS_MAXVUS=6000 EAPOL_TIMEOUT_SEC=20 EXEC_TIMEOUT_SEC=30 ERROR_LOG=./tls_errors.log LOG_ALL_FAILURES=true RPS_SECOND_STATS=true EAPOL_BIN=./eapol_test_2.11 k6-exec run radius_load_tls.js | BC2: 10 | BD2: 11 | BE2: 10000 | BF2: 3 | BG2: 16 | BH2: 64 | BI2: 120
A3: old_2 | B3: 45962 | C3: EAP-TLS | D3: 1m@10,1m@30,1m@65,2m@16,1m@0 | G3: 65 | R3: 2500 | S3: 150 | T3: 3000 | U3: 300 | V3: 1000 | W3: 9689 | X3: 0 | Y3: 9689 | Z3: =Y3/(W3+X3) -> 1 | AA3: 0 | AB3: =AA3/W3 -> 0 | AC3: 0 | AD3: =AC3/W3 -> 0 | AE3: 0 | AF3: 0 | AG3: 135 | AH3: 167 | AI3: 3130 | AJ3: 137.3 | AK3: 3132.6 | AL3: 6 | AM3: 67 | AN3: =AM3/6 -> 11.166667 | AO3: 1.89 | AP3: =AO3*1000 -> 1890 | AQ3: 775 | AR3: 42.87 | AS3: 29.08 | AT3: =AP3*1.25 -> 2362.5 | AU3: =1.25*AQ3 -> 968.75 | AV3: =AP3*0.65 -> 1228.5 | AW3: =AQ3*0.65 -> 503.75 | AX3: Есть разбалансировка, один под жрет гораздо больше остальных ресурсов и обрабатывает гораздо больший трафик | AY3: https://10.116.41.195/grafana/d/edo-radius-full/edo-radius3a-full-auth-acct-2b-kafka-2b-infra?orgId=1&from=1761982980000&to=1761983399000 | AZ3: screencapture-10-116-41-195-grafana-d-edo-radius-full-edo-radius3a-full-auth-acct-2b-kafka-2b-infra-2025-11-01-11_20_21.pdf | BA3: Сильный дисбаланс подов | BB3: CSV_PATH=./users-10.csv TLS_PFX_DIR=./certs-eap-tls TLS_PFX_EXT=.pfx PRIVATE_KEY_PASS=12345 TLS_MAC_FILE=./macs.txt EAPOL_NAS_IP_LIST="10.116.42.70,10.116.42.71,10.116.42.72,10.116.42.73,10.116.42.74,10.116.42.75,10.116.42.76,10.116.42.77,10.116.42.78,10.116.42.79" RADIUS_ADDRS="10.116.41.195" RADIUS_SECRET=cisco CA_CERT=./ROOT_WIN-AD.cer TLS_STAGES="1m@10,1m@30,1m@65,2m@16,1m@0" TLS_VUS=1000 TLS_MAXVUS=6000 EAPOL_TIMEOUT_SEC=20 EXEC_TIMEOUT_SEC=30 ERROR_LOG=./tls_errors.log LOG_ALL_FAILURES=true RPS_SECOND_STATS=true EAPOL_BIN=./eapol_test_2.11 k6-exec run radius_load_tls.js | BC3: 10 | BD3: 11 | BE3: 10000 | BF3: 3 | BG3: 16 | BH3: 64 | BI3: 120
A4: old_3 | B4: 45962 | C4: EAP-TLS | D4: 1m@120,3m@200,1m@0 | G4: 200 | R4: 2500 | S4: 150 | T4: 3000 | U4: 300 | V4: 1200 | W4: 14845 | X4: 0 | Y4: 14777 | Z4: =Y4/(W4+X4) -> 0.99541933 | AA4: 68 | AB4: =AA4/W4 -> 0.0045806669 | AC4: 68 | AD4: =AC4/W4 -> 0.0045806669 | AE4: 0 | AF4: 0 | AG4: 7500 | AH4: 22200 | AI4: 61370 | AJ4: 20314.54 | AK4: 109258.21 | AL4: 6 | AM4: 75 | AN4: =AM4/AL4 -> 12.5 | AO4: 2.168 | AP4: =AO4*1000 -> 2168 | AQ4: 796 | AR4: 48.49 | AS4: 28.96 | AT4: =AP4*1.25 -> 2710 | AU4: =1.25*AQ4 -> 995 | AV4: =AP4*0.65 -> 1409.2 | AW4: =AQ4*0.65 -> 517.4 | AX4: Есть разбалансировка, один под жрет гораздо больше остальных ресурсов и обрабатывает гораздо больший трафик Был включен радиус-сервер, поэтому развить 200 RPS не получилось, только 75. Надо выключить и попробовать снова | AY4: https://10.116.41.195/grafana/d/edo-radius-full/edo-radius3a-full-auth-acct-2b-kafka-2b-infra?orgId=1&from=1761998400000&to=1761998879000 | AZ4: screencapture-10-116-41-195-grafana-d-edo-radius-full-edo-radius3a-full-auth-acct-2b-kafka-2b-infra-2025-11-01-17_48_58.pdf | BA4: Обновленный скрипт для предотвращения пересечений | BB4: TLS_VUS=700 TLS_MAXVUS=1200 TLS_AVG_ITER_SEC=1.5 TLS_TIMEUNIT=1s TLS_STAGES="1m@120,3m@200,1m@0" START_JITTER_SEC=2 SLEEP_JITTER_SEC=0.05 NAS_IP_MAX_INFLIGHT=30 NAS_LOCK_WAIT_MS=60000 EAPOL_TIMEOUT_SEC=60 EXEC_TIMEOUT_SEC=90 RADIUS_ADDRS="10.116.41.195" RADIUS_SECRET=cisco CSV_PATH=./users-10.csv CA_CERT=./ROOT_WIN-AD.cer TLS_PFX_DIR=./certs-eap-tls TLS_PFX_EXT=.pfx PRIVATE_KEY_PASS=12345 TLS_MAC_FILE=./macs.txt EAPOL_NAS_IP_LIST="10.116.42.70,10.116.42.71,10.116.42.72,10.116.42.73,10.116.42.74,10.116.42.75,10.116.42.76,10.116.42.77,10.116.42.78,10.116.42.79" RPS_SECOND_STATS=true RPS_FILE=./tls_rps_sec.log LOG_ALL_FAILURES=true ERROR_LOG=./tls_errors.log EAPOL_BIN=./eapol_test_2.11 k6-exec run radius_load_tls.js | BC4: 10 | BD4: 11 | BE4: 10000 | BF4: 3 | BG4: 16 | BH4: 64 | BI4: 120
A5: old_4 | B5: 2025-11-05T17:01:30.148Z | C5: EAP-TLS | D5: 1m@120,30m@250,1m@0 | G5: 250 | R5: 2500 | S5: 150 | T5: 3000 | U5: 300 | V5: 1200 | W5: 222524 | X5: 0 | Y5: 221320 | Z5: =Y5/(W5+X5) -> 0.99458935 | AA5: 1204 | AB5: =AA5/W5 -> 0.0054106523 | AC5: 3 | AD5: =AC5/W5 -> 1.3481692e-05 | AE5: 78 | AF5: =AE5/W5 -> 0.00035052399 | AG5: 1963 | AH5: 4469 | AI5: 62500 | AJ5: 7623.337 | AK5: 78423.128 | AL5: 6 | AM5: 367 | AN5: =AM5/AL5 -> 61.166667 | AO5: 2.376 | AP5: =AO5*1000 -> 2376 | AQ5: 1000 | AR5: 54.73 | AS5: 33.28 | AT5: =AP5*1.25 -> 2970 | AU5: =AQ5*1.25 -> 1250 | AV5: =AP5*0.65 -> 1544.4 | AW5: =AQ5*0.65 -> 650 | AX5: Система выдерживает нагрузку на 6 нодах, 3 отдельных таймаута | AY5: https://10.116.41.195/grafana/d/edo-radius-full/edo-radius3a-full-auth-acct-2b-kafka-2b-infra?orgId=1&from=1762360200000&to=1762362179000 | AZ5: screencapture-10-116-41-195-grafana-d-edo-radius-full-edo-radius3a-full-auth-acct-2b-kafka-2b-infra-2025-11-06-10_47_29.pdf | BA5: soak-script | BB5: TLS_VUS=700 TLS_MAXVUS=1200 TLS_AVG_ITER_SEC=1.5 TLS_TIMEUNIT=1s TLS_STAGES="1m@120,30m@250,1m@0" START_JITTER_SEC=2 SLEEP_JITTER_SEC=0.05 NAS_IP_MAX_INFLIGHT=30 NAS_LOCK_WAIT_MS=60000 EAPOL_TIMEOUT_SEC=60 EXEC_TIMEOUT_SEC=90 RADIUS_ADDRS="10.116.41.195" RADIUS_SECRET=cisco CSV_PATH=./users-10.csv CA_CERT=./ROOT_WIN-AD.cer TLS_PFX_DIR=./certs-eap-tls TLS_PFX_EXT=.pfx PRIVATE_KEY_PASS=12345 TLS_MAC_FILE=./macs.txt EAPOL_NAS_IP_LIST="10.116.42.70,10.116.42.71,10.116.42.72,10.116.42.73,10.116.42.74,10.116.42.75,10.116.42.76,10.116.42.77,10.116.42.78,10.116.42.79" RPS_SECOND_STATS=true RPS_FILE=./tls_rps_sec.log LOG_ALL_FAILURES=true ERROR_LOG=./tls_errors.log EAPOL_BIN=./eapol_test_2.11 K6_WEB_DASHBOARD=true k6-exec run radius_load_tls.js | BC5: 10 | BD5: 11 | BE5: 10000 | BF5: 3 | BG5: 16 | BH5: 64 | BI5: 120
A6: old_5 | B6: ='test-script'!B5 -> #REF! | C6: ='test-script'!C5 -> #REF! | D6: ='test-script'!D5 -> #REF! | E6: 45967.499 | F6: 45967.504 | G6: 250 | H6: 170623 | I6: 0.0182 | J6: 0.000942 | K6: 0.596 / 4.02 / 6.38 | L6: 709 | M6: 0 | N6: 0 | O6: 125 | P6: 148 | Q6: 224 | R6: 2500 | S6: 150 | T6: 3000 | U6: 300 | V6: 1200 | W6: 22134 | X6: 0 | Y6: 21424 | Z6: =Y6/(W6+X6) -> 0.96792265 | AA6: 710 | AB6: =AA6/W6 -> 0.032077347 | AC6: 0 | AD6: =AC6/W6 -> 0 | AE6: 0 | AF6: =AE6/W6 -> 0 | AG6: 2616000 | AH6: 6020000 | AI6: 19496000 | AJ6: 8468659 | AK6: 57014718 | AL6: 6 | AM6: 238 | AN6: =AM6/AL6 -> 39.666667 | AO6: 1.8 | AP6: =AO6*1000 -> 1800 | AQ6: 1117 | AT6: =AP6*1.25 -> 2250 | AU6: =AQ6*1.25 -> 1396.25 | AV6: =AP6*0.65 -> 1170 | AW6: =AQ6*0.65 -> 726.05 | AY6: https://10.116.41.195/grafana/d/edo-radius-full/edo-radius3a-full-auth-acct-2b-kafka-2b-infra?orgId=1&from=1762419540000&to=1762419959000 | BB6: TLS_VUS="700" TLS_MAXVUS="1200" TLS_AVG_ITER_SEC="1.5" TLS_TIMEUNIT="1s" TLS_STAGES="30s@120,30s@250,45s@400,30s@250,30s@0" START_JITTER_SEC="2" SLEEP_JITTER_SEC="0.05" RADIUS_ADDRS="10.116.41.195" RADIUS_SECRET="cisco" EAPOL_NAS_IP_LIST="10.116.42.70,10.116.42.71,10.116.42.72,10.116.42.73,10.116.42.74,10.116.42.75,10.116.42.76,10.116.42.77,10.116.42.78,10.116.42.79" NAS_IP_MAX_INFLIGHT="30" NAS_LOCK_WAIT_MS="60000" CA_CERT="./ROOT_WIN-AD.cer" TLS_PFX_DIR="./certs-eap-tls" TLS_PFX_EXT=".pfx" PRIVATE_KEY_PASS="12345" TLS_MAC_FILE="./macs.txt" CSV_PATH="./users-10.csv" RPS_FILE="./tls_rps_sec.log" ERROR_LOG="./tls_errors.log" EAPOL_BIN="./eapol_test_2.11" EAPOL_TIMEOUT_SEC="60" EXEC_TIMEOUT_SEC="90" RPS_SECOND_STATS="true" LOG_ALL_FAILURES="true" k6-exec run radius_load_tls.js | BC6: 10 | BD6: 11 | BE6: 10000 | BF6: 3 | BG6: 8 | BH6: 24 | BI6: 120
A7: old_6 | B7: 2025-11-07 10:38:08 | C7: EAP-TLS | D7: 30s@120,30s@250,45s@400,30s@250,30s@0 | E7: 2025-11-07 10:35:20 | F7: 2025-11-07 10:38:08 | G7: 400 | H7: 111667.96 | I7: 0.188679 | J7: 2.9477 | K7: 2.2362 | L7: 51.8 | M7: 0 | N7: 0 | O7: 144.95 | P7: 148.4602 | Q7: 84.997 | R7: 2500 | S7: 150 | T7: 3000 | U7: 300 | V7: 1200 | W7: 14864 | X7: 0 | Y7: 14864 | Z7: =Y7/(W7+X7) -> 1 | AA7: 0 | AB7: =AA7/W7 -> 0 | AC7: 0 | AD7: =AC7/W7 -> 0 | AE7: 0 | AF7: =AE7/W7 -> 0 | AG7: 1791.5154 | AH7: 4162.85 | AI7: 10238 | AJ7: 8664.4719 | AK7: 51557.798 | AL7: 6 | AM7: 230 | AN7: =AM7/AL7 -> 38.333333 | AO7: 2.1339 | AP7: 2149.3897 | AQ7: 1004.957 | AR7: 82.8875 | AS7: 84.5894 | AT7: 2687 | AU7: 1256 | AV7: 1397 | AW7: 653 | AY7: https://10.116.41.195/grafana/d/edo-radius-full/edo-radius3a-full-auth-acct-2b-kafka-2b-infra?orgId=1&from=1762500920000&to=1762501199000&var-DS_PROMETHEUS=prometheus&var-namespace=edo&var-job=All&var-pod=All&var-node=All&var-kafka_topic=All&var-kafka_group=All&var-status=accepts | BA7: peak_script_morning | BB7: TLS_VUS="700" TLS_MAXVUS="1200" TLS_AVG_ITER_SEC="1.5" TLS_TIMEUNIT="1s" TLS_STAGES="30s@120,30s@250,45s@400,30s@250,30s@0" START_JITTER_SEC="2" SLEEP_JITTER_SEC="0.05" RADIUS_ADDRS="10.116.41.195" RADIUS_SECRET="cisco" EAPOL_NAS_IP_LIST="10.116.42.70,10.116.42.71,10.116.42.72,10.116.42.73,10.116.42.74,10.116.42.75,10.116.42.76,10.116.42.77,10.116.42.78,10.116.42.79" NAS_IP_MAX_INFLIGHT="30" NAS_LOCK_WAIT_MS="60000" CA_CERT="./ROOT_WIN-AD.cer" TLS_PFX_DIR="./certs-eap-tls" TLS_PFX_EXT=".pfx" PRIVATE_KEY_PASS="12345" TLS_MAC_FILE="./macs.txt" CSV_PATH="./users-10.csv" RPS_FILE="./tls_rps_sec.log" ERROR_LOG="./tls_errors.log" EAPOL_BIN="./eapol_test_2.11" EAPOL_TIMEOUT_SEC="60" EXEC_TIMEOUT_SEC="90" RPS_SECOND_STATS="true" LOG_ALL_FAILURES="true" k6-exec run radius_load_tls.js | BC7: 10 | BD7: 10 | BE7: 10000 | BF7: 3 | BG7: 8 | BH7: 24 | BI7: 120
A8: old_7 | B8: 2025-11-07 12:29:37 | C8: EAP-TLS | D8: 1m@120,30m@250,1m@0 | E8: 2025-11-07 11:57:01 | F8: 2025-11-07 12:29:37 | G8: 250 | H8: 629807.79 | I8: 0.128417 | J8: 3.5398 | K8: 4.2375 | L8: 389 | M8: 0 | N8: 0 | O8: 155.7862 | P8: 159.4236 | Q8: 73.237 | R8: 2500 | S8: 150 | T8: 3000 | U8: 300 | V8: 6000 | W8: 85991 | X8: 796 | Y8: 72926 | Z8: =Y8/(W8+X8) -> 0.84028714 | AA8: 13861 | AB8: =AA8/W8 -> 0.16119129 | AC8: 8 | AD8: =AC8/W8 -> 9.3032992e-05 | AE8: 0 | AF8: =AE8/W8 -> 0 | AG8: 14399.675 | AH8: 39549.5 | AI8: 127115 | AJ8: 104439.76 | AK8: 289612.88 | AL8: 6 | AM8: 1016 | AN8: 169.33 | AO8: 2.0429 | AP8: 2177.008 | AQ8: 1027.9023 | AR8: 75.6167 | AS8: 80.9244 | AT8: 2721 | AU8: 1285 | AV8: 1415 | AW8: 668 | AY8: https://10.116.41.195/grafana/d/edo-radius-full/edo-radius3a-full-auth-acct-2b-kafka-2b-infra?orgId=1&from=1762505820000&to=1762507919000 | BB8: TLS_VUS="700" TLS_MAXVUS="6000" TLS_AVG_ITER_SEC="1.5" TLS_TIMEUNIT="1s" TLS_STAGES="1m@120,30m@250,1m@0" START_JITTER_SEC="2" SLEEP_JITTER_SEC="0.05" RADIUS_ADDRS="10.116.41.195" RADIUS_SECRET="cisco" EAPOL_NAS_IP_LIST="10.116.42.70,10.116.42.71,10.116.42.72,10.116.42.73,10.116.42.74,10.116.42.75,10.116.42.76,10.116.42.77,10.116.42.78,10.116.42.79" NAS_IP_MAX_INFLIGHT="30" NAS_LOCK_WAIT_MS="60000" CA_CERT="./ROOT_WIN-AD.cer" TLS_PFX_DIR="./certs-eap-tls" TLS_PFX_EXT=".pfx" PRIVATE_KEY_PASS="12345" TLS_MAC_FILE="./macs.txt" CSV_PATH="./users-10.csv" RPS_FILE="./tls_rps_sec.log" ERROR_LOG="./tls_errors.log" EAPOL_BIN="./eapol_test_2.11" EAPOL_TIMEOUT_SEC="60" EXEC_TIMEOUT_SEC="90" RPS_SECOND_STATS="true" LOG_ALL_FAILURES="true" K6_WEB_DASHBOARD="true" k6-exec run radius_load_tls.js | BC8: 10 | BD8: 10 | BE8: 10000 | BF8: 3 | BG8: 8 | BH8: 24 | BI8: 120
A9: old_8 | B9: 2025-11-07 13:28:53 | C9: EAP-TLS | D9: 1m@300,1m@0,1m@300,1m@0,1m@300,2m@0 | E9: 2025-11-07 13:21:23 | F9: 2025-11-07 13:28:53 | G9: 300 | H9: 105008.25 | I9: 0.013593 | J9: 0.1891 | K9: 1.26 | L9: 52 | M9: 0 | N9: 0 | O9: 65.94 | P9: 68.93 | Q9: 77.3067 | R9: 2500 | S9: 150 | T9: 3000 | U9: 300 | V9: 3000 | W9: 12861 | X9: 723 | Y9: 12876 | Z9: =Y9/(W9+X9) -> 0.94787986 | AA9: 1 | AB9: =AA9/W9 -> 7.7754451e-05 | AC9: 0 | AD9: =AC9/W9 -> 0 | AE9: 0 | AF9: =AE9/W9 -> 0 | AG9: 4596.0297 | AH9: 13141.2 | AI9: 52985 | AJ9: 74535.47 | AK9: 143907.6 | AL9: 6 | AM9: 222 | AN9: =AM9/6 -> 37 | AO9: 1.4696 | AP9: 1392.9207 | AQ9: 864.7773 | AR9: 60.625 | AS9: 79.7271 | AT9: 1741 | AU9: 1081 | AV9: 905 | AW9: 562 | AX9: 12852 complete and 723 interrupted iterations | AY9: https://10.116.41.195/grafana/d/edo-radius-full/edo-radius3a-full-auth-acct-2b-kafka-2b-infra?orgId=1&from=1762510860000&to=1762511460000 | BA9: профиль 300/0/300/0 показывает хорошие результаты | BB9: TLS_VUS="700" TLS_MAXVUS="3000" TLS_AVG_ITER_SEC="1.5" TLS_TIMEUNIT="1s" TLS_STAGES="1m@300,1m@0,1m@300,1m@0,1m@300,2m@0" START_JITTER_SEC="2" SLEEP_JITTER_SEC="0.05" RADIUS_ADDRS="10.116.41.195" RADIUS_SECRET="cisco" EAPOL_NAS_IP_LIST="10.116.42.70,10.116.42.71,10.116.42.72,10.116.42.73,10.116.42.74,10.116.42.75,10.116.42.76,10.116.42.77,10.116.42.78,10.116.42.79" NAS_IP_MAX_INFLIGHT="30" NAS_LOCK_WAIT_MS="60000" CA_CERT="./ROOT_WIN-AD.cer" TLS_PFX_DIR="./certs-eap-tls" TLS_PFX_EXT=".pfx" PRIVATE_KEY_PASS="12345" TLS_MAC_FILE="./macs.txt" CSV_PATH="./users-10.csv" RPS_FILE="./tls_rps_sec.log" ERROR_LOG="./tls_errors.log" EAPOL_BIN="./eapol_test_2.11" EAPOL_TIMEOUT_SEC="60" EXEC_TIMEOUT_SEC="90" RPS_SECOND_STATS="true" LOG_ALL_FAILURES="true" k6-exec run radius_load_tls.js | BC9: 10 | BD9: 10 | BE9: 10000 | BF9: 3 | BG9: 8 | BH9: 24 | BI9: 120
A10: old_9 | B10: 2025-11-07 13:54:22 | C10: EAP-TLS | D10: 45s@150,45s@220,45s@280,45s@320,45s@360,45s@400,45s@0 | E10: 2025-11-07 13:48:33 | F10: 2025-11-07 13:54:22 | G10: 400 | H10: 79739.176 | I10: 0.02525 | J10: 0.212 | K10: 1.635 | L10: 110 | M10: 0 | N10: 0 | O10: 64.23 | P10: 68.595 | Q10: 39.712 | R10: 2500 | S10: 150 | T10: 3000 | U10: 300 | V10: 4126 | W10: 9283 | X10: 1985 | Y10: 9166 | Z10: =Y10/(W10+X10) -> 0.81345403 | AA10: 154 | AB10: =AA10/W10 -> 0.016589465 | AC10: 0 | AD10: =AC10/W10 -> 0 | AE10: 0 | AF10: =AE10/W10 -> 0 | AG10: 6595.3348 | AH10: 17407.1 | AI10: 32907 | AJ10: 77876.262 | AK10: 125163.51 | AL10: 6 | AM10: 211 | AN10: =AM10/AL10 -> 35.166667 | AO10: 1.2688 | AP10: 1509.2145 | AQ10: 874.25 | AR10: 60.2958 | AS10: 80.0966 | AT10: 1887 | AU10: 1093 | AV10: 981 | AW10: 568 | AY10: https://10.116.41.195/grafana/d/edo-radius-full/edo-radius3a-full-auth-acct-2b-kafka-2b-infra?orgId=1&from=1762512513000&to=1762512959000 | BB10: TLS_VUS="700" TLS_MAXVUS="6000" TLS_AVG_ITER_SEC="1.5" TLS_TIMEUNIT="1s" TLS_STAGES="45s@150,45s@220,45s@280,45s@320,45s@360,45s@400,45s@0" START_JITTER_SEC="2" SLEEP_JITTER_SEC="0.05" RADIUS_ADDRS="10.116.41.195" RADIUS_SECRET="cisco" EAPOL_NAS_IP_LIST="10.116.42.70,10.116.42.71,10.116.42.72,10.116.42.73,10.116.42.74,10.116.42.75,10.116.42.76,10.116.42.77,10.116.42.78,10.116.42.79" NAS_IP_MAX_INFLIGHT="30" NAS_LOCK_WAIT_MS="60000" CA_CERT="./ROOT_WIN-AD.cer" TLS_PFX_DIR="./certs-eap-tls" TLS_PFX_EXT=".pfx" PRIVATE_KEY_PASS="12345" TLS_MAC_FILE="./macs.txt" CSV_PATH="./users-10.csv" RPS_FILE="./tls_rps_sec.log" ERROR_LOG="./tls_errors.log" EAPOL_BIN="./eapol_test_2.11" EAPOL_TIMEOUT_SEC="60" EXEC_TIMEOUT_SEC="90" RPS_SECOND_STATS="true" LOG_ALL_FAILURES="true" k6-exec run radius_load_tls.js | BC10: 10 | BD10: 10 | BE10: 10000 | BF10: 3 | BG10: 8 | BH10: 24 | BI10: 120
A11: old_10 | B11: 2025-11-07 17:12:22 | C11: EAP-TLS | D11: 30s@80,30s@160,2m@250,30s@160,30s@0 | E11: 2025-11-07 16:07:52 | F11: 2025-11-07 16:12:22 | G11: 250 | H11: 31930.737 | I11: 0.1846 | J11: 0.0154 | K11: 0.8313 | L11: 25.8 | M11: 0 | N11: 0 | O11: 28.69 | P11: 30.13 | Q11: 223.6068 | R11: 2500 | S11: 150 | T11: 3000 | U11: 300 | V11: 1200 | W11: 3874 | X11: 643 | Y11: 3878 | Z11: =Y11/(W11+X11) -> 0.85853443 | AA11: 0 | AB11: =AA11/W11 -> 0 | AC11: 0 | AD11: =AC11/W11 -> 0 | AE11: 0 | AF11: =AE11/W11 -> 0 | AG11: 1575.5281 | AH11: 3806.9 | AI11: 6622 | AJ11: 64129.684 | AK11: 73590.284 | AL11: 6 | AM11: 85 | AN11: 14.17 | AO11: 1.026 | AP11: 1026.0248 | AQ11: 764.5117 | AR11: 44 | AS11: 76.7 | AT11: 1283 | AU11: 956 | AV11: 667 | AW11: 497 | AY11: https://10.116.41.195/grafana/d/edo-radius-full/edo-radius3a-full-auth-acct-2b-kafka-2b-infra?orgId=1&from=1762520872000&to=1762521142000 | BB11: TLS_VUS="700" TLS_MAXVUS="6000" TLS_AVG_ITER_SEC="1.5" TLS_TIMEUNIT="1s" TLS_STAGES="45s@150,45s@220,45s@280,45s@320,45s@360,45s@400,45s@0" START_JITTER_SEC="2" SLEEP_JITTER_SEC="0.05" RADIUS_ADDRS="10.116.41.195" RADIUS_SECRET="cisco" EAPOL_NAS_IP_LIST="10.116.42.70,10.116.42.71,10.116.42.72,10.116.42.73,10.116.42.74,10.116.42.75,10.116.42.76,10.116.42.77,10.116.42.78,10.116.42.79" NAS_IP_MAX_INFLIGHT="30" NAS_LOCK_WAIT_MS="60000" CA_CERT="./ROOT_WIN-AD.cer" TLS_PFX_DIR="./certs-eap-tls" TLS_PFX_EXT=".pfx" PRIVATE_KEY_PASS="12345" TLS_MAC_FILE="./macs.txt" CSV_PATH="./users-10.csv" RPS_FILE="./tls_rps_sec.log" ERROR_LOG="./tls_errors.log" EAPOL_BIN="./eapol_test_2.11" EAPOL_TIMEOUT_SEC="60" EXEC_TIMEOUT_SEC="90" RPS_SECOND_STATS="true" LOG_ALL_FAILURES="true" k6-exec run radius_load_tls.js | BC11: 10 | BD11: 10 | BE11: 10000 | BF11: 3 | BG11: 8 | BH11: 16 | BI11: 120
A12: old_11 | B12: 2025-11-07 15:40:57 | C12: EAP-TLS | D12: 45s@150,45s@220,45s@280,45s@320,45s@360,45s@400,45s@0 | E12: 2025-11-07 15:35:08 | F12: 2025-11-07 15:40:57 | G12: 400 | H12: 79717.046 | I12: 0.01975 | J12: 0.1788 | K12: 1.3162 | L12: 362 | M12: 0 | N12: 0 | O12: 67.08 | P12: 67.6563 | Q12: 43.1875 | R12: 2500 | S12: 150 | T12: 3000 | U12: 300 | V12: 4269 | W12: 9177 | X12: 2366 | Y12: 9332 | Z12: =Y12/(W12+X12) -> 0.80845534 | AA12: 32 | AB12: =AA12/W12 -> 0.0034869783 | AC12: 0 | AD12: =AC12/W12 -> 0 | AE12: 0 | AF12: =AE12/W12 -> 0 | AG12: 6480.8576 | AH12: 19541 | AI12: 48575 | AJ12: 78840.184 | AK12: 149215.57 | AL12: 6 | AM12: 263 | AN12: =AM12/AL12 -> 43.833333 | AO12: 1.4149 | AP12: 1414.9191 | AQ12: 770.4375 | AR12: 66.6675 | AS12: 75.3967 | AT12: 1769 | AU12: 963 | AV12: 920 | AW12: 501 | AY12: https://10.116.41.195/grafana/d/edo-radius-full/edo-radius3a-full-auth-acct-2b-kafka-2b-infra?orgId=1&from=1762518900000&to=1762519260000 | BB12: TLS_VUS="700" TLS_MAXVUS="6000" TLS_AVG_ITER_SEC="1.5" TLS_TIMEUNIT="1s" TLS_STAGES="45s@150,45s@220,45s@280,45s@320,45s@360,45s@400,45s@0" START_JITTER_SEC="2" SLEEP_JITTER_SEC="0.05" RADIUS_ADDRS="10.116.41.195" RADIUS_SECRET="cisco" EAPOL_NAS_IP_LIST="10.116.42.70,10.116.42.71,10.116.42.72,10.116.42.73,10.116.42.74,10.116.42.75,10.116.42.76,10.116.42.77,10.116.42.78,10.116.42.79" NAS_IP_MAX_INFLIGHT="30" NAS_LOCK_WAIT_MS="60000" CA_CERT="./ROOT_WIN-AD.cer" TLS_PFX_DIR="./certs-eap-tls" TLS_PFX_EXT=".pfx" PRIVATE_KEY_PASS="12345" TLS_MAC_FILE="./macs.txt" CSV_PATH="./users-10.csv" RPS_FILE="./tls_rps_sec.log" ERROR_LOG="./tls_errors.log" EAPOL_BIN="./eapol_test_2.11" EAPOL_TIMEOUT_SEC="60" EXEC_TIMEOUT_SEC="90" RPS_SECOND_STATS="true" LOG_ALL_FAILURES="true" k6-exec run radius_load_tls.js | BC12: 10 | BD12: 10 | BE12: 10000 | BF12: 3 | BG12: 8 | BH12: 16 | BI12: 120
A13: old_12 | B13: 2025-11-07 16:44:54 | C13: EAP-TLS | D13: 30s@120,30s@250,45s@400,30s@250,30s@0 | E13: 2025-11-07 16:41:38 | F13: 2025-11-07 16:44:54 | G13: 400 | H13: 30301.478 | I13: 0.567 | J13: 0.0542 | K13: 0.7188 | L13: 0 | M13: 0 | N13: 0 | O13: 49.5085 | P13: 51.38 | Q13: 40.9702 | R13: 2500 | S13: 150 | T13: 3000 | U13: 300 | V13: 2708 | W13: 3497 | X13: 1413 | Y13: 3518 | Z13: =Y13/(W13+X13) -> 0.71649695 | AA13: 0 | AB13: =AA13/W13 -> 0 | AC13: 0 | AD13: =AC13/W13 -> 0 | AE13: 0 | AF13: =AE13/W13 -> 0 | AG13: 3757.4716 | AH13: 9612.05 | AI13: 41836 | AJ13: 70725.993 | AK13: 110285.4 | AL13: 6 | AM13: 125 | AN13: 20.83 | AO13: 1.1962 | AP13: 1103.3033 | AQ13: 766.6406 | AR13: 50.8 | AS13: 78.3 | AT13: 1379 | AU13: 958 | AV13: 717 | AW13: 498 | AY13: https://10.116.41.195/grafana/d/edo-radius-full/edo-radius3a-full-auth-acct-2b-kafka-2b-infra?orgId=1&from=1762522898000&to=1762523159000 | BB13: TLS_VUS="700" TLS_MAXVUS="6000" TLS_AVG_ITER_SEC="1.5" TLS_TIMEUNIT="1s" TLS_STAGES="30s@120,30s@250,45s@400,30s@250,30s@0" START_JITTER_SEC="2" SLEEP_JITTER_SEC="0.05" RADIUS_ADDRS="10.116.41.195" RADIUS_SECRET="cisco" EAPOL_NAS_IP_LIST="10.116.42.70,10.116.42.71,10.116.42.72,10.116.42.73,10.116.42.74,10.116.42.75,10.116.42.76,10.116.42.77,10.116.42.78,10.116.42.79" NAS_IP_MAX_INFLIGHT="30" NAS_LOCK_WAIT_MS="60000" CA_CERT="./ROOT_WIN-AD.cer" TLS_PFX_DIR="./certs-eap-tls" TLS_PFX_EXT=".pfx" PRIVATE_KEY_PASS="12345" TLS_MAC_FILE="./macs.txt" CSV_PATH="./users-10.csv" RPS_FILE="./tls_rps_sec.log" ERROR_LOG="./tls_errors.log" EAPOL_BIN="./eapol_test_2.11" EAPOL_TIMEOUT_SEC="60" EXEC_TIMEOUT_SEC="90" RPS_SECOND_STATS="true" LOG_ALL_FAILURES="true" k6-exec run radius_load_tls.js | BC13: 10 | BD13: 10 | BE13: 10000 | BF13: 3 | BG13: 8 | BH13: 16 | BI13: 120
A14: old_13 | B14: 2025-11-07 18:14:57 | C14: EAP-TLS | D14: 1m@120,20m@250,1m@0 | E14: 2025-11-07 17:52:21 | F14: 2025-11-07 18:14:57 | G14: 250 | H14: 436624.4 | I14: 0.051953 | J14: 0.8333 | K14: 3.46 | L14: 297.6484 | M14: 0 | N14: 0 | O14: 84.85 | P14: 88.525 | Q14: 223.6068 | R14: 2500 | S14: 150 | T14: 3000 | U14: 300 | V14: 6000 | W14: 55339 | X14: 3672 | Y14: 51679 | Z14: =Y14/(W14+X14) -> 0.87575198 | AA14: 5078 | AB14: =AA14/W14 -> 0.091761687 | AC14: 3 | AD14: =AC14/W14 -> 5.4211316e-05 | AE14: 0 | AF14: =AE14/W14 -> 0 | AG14: 13982.987 | AH14: 39284.6 | AI14: 93976 | AJ14: 103457.93 | AK14: 287817.95 | AL14: 6 | AM14: 432 | AN14: 72 | AO14: 1.6167 | AP14: 1616.7239 | AQ14: 924.7656 | AR14: 62.2 | AS14: 83 | AT14: 2021 | AU14: 1156 | AV14: 1051 | AW14: 601 | AY14: https://10.116.41.195/grafana/d/edo-radius-full/edo-radius3a-full-auth-acct-2b-kafka-2b-infra?orgId=1&from=1762527141000&to=1762528499000 | BB14: TLS_VUS="700" TLS_MAXVUS="6000" TLS_AVG_ITER_SEC="1.5" TLS_TIMEUNIT="1s" TLS_STAGES="1m@120,20m@250,1m@0" START_JITTER_SEC="2" SLEEP_JITTER_SEC="0.05" RADIUS_ADDRS="10.116.41.195" RADIUS_SECRET="cisco" EAPOL_NAS_IP_LIST="10.116.42.70,10.116.42.71,10.116.42.72,10.116.42.73,10.116.42.74,10.116.42.75,10.116.42.76,10.116.42.77,10.116.42.78,10.116.42.79" NAS_IP_MAX_INFLIGHT="30" NAS_LOCK_WAIT_MS="60000" CA_CERT="./ROOT_WIN-AD.cer" TLS_PFX_DIR="./certs-eap-tls" TLS_PFX_EXT=".pfx" PRIVATE_KEY_PASS="12345" TLS_MAC_FILE="./macs.txt" CSV_PATH="./users-10.csv" RPS_FILE="./tls_rps_sec.log" ERROR_LOG="./tls_errors.log" EAPOL_BIN="./eapol_test_2.11" EAPOL_TIMEOUT_SEC="60" EXEC_TIMEOUT_SEC="90" RPS_SECOND_STATS="true" LOG_ALL_FAILURES="true" k6-exec run radius_load_tls.js | BC14: 10 | BD14: 10 | BE14: 10000 | BF14: 3 | BG14: 8 | BH14: 16 | BI14: 120
A15: old_14 | B15: 2025-11-07 21:31:08 | C15: EAP-TLS | D15: 1m@120,20m@250,1m@0 | E15: 2025-11-07 21:08:37 | F15: 2025-11-07 21:31:08 | G15: 250 | H15: 404741.1 | I15: 0.032237 | J15: 0.7693 | K15: 2.5825 | L15: 346.3242 | M15: 0 | N15: 0 | O15: 73.84 | P15: 82.6679 | Q15: 59.0432 | R15: 2500 | S15: 150 | T15: 3000 | U15: 300 | V15: 6000 | W15: 53302 | X15: 2047 | Y15: 48441 | Z15: =Y15/(W15+X15) -> 0.87519196 | AA15: 5707 | AB15: =AA15/W15 -> 0.10706915 | AC15: 2419 | AD15: =AC15/W15 -> 0.045382912 | AE15: 0 | AF15: =AE15/W15 -> 0 | AG15: 17218.332 | AH15: 65304.65 | AI15: 118926 | AJ15: 106873.24 | AK15: 288756.33 | AL15: 6 | AM15: 1050 | AN15: 175 | AO15: 1.6844 | AP15: 1701.7943 | AQ15: 941.9688 | AR15: 57.8 | AS15: 68.1 | AT15: 2127 | AU15: 1177 | AV15: 1106 | AW15: 612 | AY15: https://10.116.41.195/grafana/d/edo-radius-full/edo-radius3a-full-auth-acct-2b-kafka-2b-infra?orgId=1&from=1762539021000&to=1762540319000 | BB15: TLS_VUS="700" TLS_MAXVUS="6000" TLS_AVG_ITER_SEC="1.5" TLS_TIMEUNIT="1s" TLS_STAGES="1m@120,20m@250,1m@0" START_JITTER_SEC="2" SLEEP_JITTER_SEC="0.05" RADIUS_ADDRS="10.116.41.195" RADIUS_SECRET="cisco" EAPOL_NAS_IP_LIST="10.116.42.70,10.116.42.71,10.116.42.72,10.116.42.73,10.116.42.74,10.116.42.75,10.116.42.76,10.116.42.77,10.116.42.78,10.116.42.79" NAS_IP_MAX_INFLIGHT="30" NAS_LOCK_WAIT_MS="60000" CA_CERT="./ROOT_WIN-AD.cer" TLS_PFX_DIR="./certs-eap-tls" TLS_PFX_EXT=".pfx" PRIVATE_KEY_PASS="12345" TLS_MAC_FILE="./macs.txt" CSV_PATH="./users-10.csv" RPS_FILE="./tls_rps_sec.log" ERROR_LOG="./tls_errors.log" EAPOL_BIN="./eapol_test_2.11" EAPOL_TIMEOUT_SEC="60" EXEC_TIMEOUT_SEC="90" RPS_SECOND_STATS="true" LOG_ALL_FAILURES="true" k6-exec run radius_load_tls.js | BC15: 10 | BD15: 10 | BE15: 10000 | BF15: 3 | BG15: 8 | BH15: 20 | BI15: 120
A16: old_15 | B16: 2025-11-07 22:14:35 | C16: EAP-TLS | D16: 45s@150,45s@220,45s@280,45s@320,45s@360,45s@400,45s@0 | E16: 2025-11-07 22:08:49 | F16: 2025-11-07 22:14:35 | G16: 400 | H16: 81219.05 | I16: 0.016456 | J16: 0.2747 | K16: 1.8537 | L16: 41.1602 | M16: 0 | N16: 0 | O16: 67.84 | P16: 71.22 | Q16: 81.6497 | R16: 2500 | S16: 150 | T16: 3000 | U16: 300 | V16: 4098 | W16: 9587 | X16: 1728 | Y16: 9699 | Z16: =Y16/(W16+X16) -> 0.85718073 | AA16: 1 | AB16: =AA16/W16 -> 0.00010430792 | AC16: 0 | AD16: =AC16/W16 -> 0 | AE16: 0 | AF16: 0 | AG16: 6978.4142 | AH16: 16854.5 | AI16: 42443 | AJ16: 77776.217 | AK16: 142836.39 | AL16: 6 | AM16: 262 | AN16: 43.67 | AO16: 1.5335 | AP16: 1533.5145 | AQ16: 920.3555 | AT16: 1917 | AU16: 1150 | AV16: 997 | AW16: 598 | AX16: 8958 complete and 2152 interrupted iterations - очень длинные итерации, не успели закончиться. Скорее всего, не успевают обработаться | AY16: https://10.116.41.195/grafana/d/edo-radius-full/edo-radius3a-full-auth-acct-2b-kafka-2b-infra?orgId=1&from=1762542529000&to=1762542995000 | BB16: TLS_VUS="700" TLS_MAXVUS="6000" TLS_AVG_ITER_SEC="1.5" TLS_TIMEUNIT="1s" TLS_STAGES="45s@150,45s@220,45s@280,45s@320,45s@360,45s@400,45s@0" START_JITTER_SEC="2" SLEEP_JITTER_SEC="0.05" RADIUS_ADDRS="10.116.41.195" RADIUS_SECRET="cisco" EAPOL_NAS_IP_LIST="10.116.42.70,10.116.42.71,10.116.42.72,10.116.42.73,10.116.42.74,10.116.42.75,10.116.42.76,10.116.42.77,10.116.42.78,10.116.42.79" NAS_IP_MAX_INFLIGHT="30" NAS_LOCK_WAIT_MS="60000" CA_CERT="./ROOT_WIN-AD.cer" TLS_PFX_DIR="./certs-eap-tls" TLS_PFX_EXT=".pfx" PRIVATE_KEY_PASS="12345" TLS_MAC_FILE="./macs.txt" CSV_PATH="./users-10.csv" RPS_FILE="./tls_rps_sec.log" ERROR_LOG="./tls_errors.log" EAPOL_BIN="./eapol_test_2.11" EAPOL_TIMEOUT_SEC="60" EXEC_TIMEOUT_SEC="90" RPS_SECOND_STATS="true" LOG_ALL_FAILURES="true" k6-exec run radius_load_tls.js | BC16: 10 | BD16: 10 | BE16: 10000 | BF16: 3 | BG16: 8 | BH16: 20 | BI16: 120
A17: old_16 | B17: 2025-11-07 23:34:25 | C17: EAP-TLS | D17: 60s@150,120s@250,180s@400,180s@250,120s@150 | E17: 2025-11-07 23:22:51 | F17: 2025-11-07 23:34:25 | G17: 400 | H17: 409888.61 | I17: 0.088485 | J17: 0.026888 | K17: 3.4012 | L17: 117.5156 | M17: 0 | N17: 0 | O17: 141.62 | P17: 148.7666 | Q17: 141.4214 | R17: 2500 | S17: 150 | T17: 3000 | U17: 300 | V17: 4680 | W17: 50038 | X17: 1794 | Y17: 50194 | Z17: =Y17/(W17+X17) -> 0.9683979 | AA17: 114 | AB17: =AA17/W17 -> 0.0022782685 | AC17: 0 | AD17: =AC17/W17 -> 0 | AE17: 0 | AF17: 0 | AG17: 5608.1037 | AH17: 18330.65 | AI17: 62084 | AJ17: 31836.023 | AK17: 174055.76 | AL17: 6 | AM17: 363 | AN17: 60.5 | AO17: 2.168 | AP17: 2168.0407 | AQ17: 991.3828 | AR17: 64.7 | AS17: 70.7 | AT17: 2710 | AU17: 1239 | AV17: 1409 | AW17: 644 | AX17: 50038 complete and 1794 interrupted iterations | AY17: https://10.116.41.195/grafana/d/edo-radius-full/edo-radius3a-full-auth-acct-2b-kafka-2b-infra?orgId=1&from=1762546971921&to=1762547665044 | BB17: TLS_VUS="700" TLS_MAXVUS="6000" TLS_AVG_ITER_SEC="1.5" TLS_TIMEUNIT="1s" TLS_STAGES="60s@150,120s@250,180s@400,180s@250,120s@150" START_JITTER_SEC="2" SLEEP_JITTER_SEC="0.05" RADIUS_ADDRS="10.116.41.195" RADIUS_SECRET="cisco" EAPOL_NAS_IP_LIST="10.116.42.70,10.116.42.71,10.116.42.72,10.116.42.73,10.116.42.74,10.116.42.75,10.116.42.76,10.116.42.77,10.116.42.78,10.116.42.79" NAS_IP_MAX_INFLIGHT="120" NAS_LOCK_WAIT_MS="60000" CA_CERT="./ROOT_WIN-AD.cer" TLS_PFX_DIR="./certs-eap-tls" TLS_PFX_EXT=".pfx" PRIVATE_KEY_PASS="12345" TLS_MAC_FILE="./macs.txt" CSV_PATH="./users-10.csv" RPS_FILE="./tls_rps_sec.log" ERROR_LOG="./tls_errors.log" EAPOL_BIN="./eapol_test_2.11" EAPOL_TIMEOUT_SEC="75" EXEC_TIMEOUT_SEC="150" RPS_SECOND_STATS="true" LOG_ALL_FAILURES="true" K6_WEB_DASHBOARD="true" k6-exec run radius_load_tls.js | BC17: 10 | BD17: 10 | BE17: 10000 | BF17: 3 | BG17: 8 | BH17: 20 | BI17: 120
A18: 5 | B18: 2025-11-10 16:59:41 | C18: EAP-TLS | D18: 60s@40,60s@70,60s@100,60s@130,60s@0 | E18: 2025-11-10 16:54:09 | F18: 2025-11-10 16:59:41 | G18: 130 | H18: 49368.901 | I18: 0.5382 | J18: 0.0493 | K18: 0.9175 | L18: 31.2266 | M18: 0 | N18: 0 | O18: 46.1 | P18: 54.61 | Q18: 101.0153 | R18: 2500 | S18: 150 | T18: 3000 | U18: 300 | V18: 2403 | W18: =Y18+X18 -> 19664 | X18: 13653 | Y18: 6011 | Z18: =Y18/W18 -> 0.30568552 | AA18: 0 | AB18: =AA18/W18 -> 0 | AC18: 0 | AD18: =AC18/W18 -> 0 | AE18: 0 | AF18: 0 | AG18: 2981.3365 | AH18: 8311.5 | AI18: 36608 | AJ18: 68614.112 | AK18: 111092.19 | AL18: 6 | AM18: 181 | AN18: 30.17 | AO18: 1.2945 | AP18: =AO18*1000 -> 1294.5 | AQ18: 706.2188 | AR18: 48.6 | AS18: 72.5 | AT18: 1990 | AU18: 883 | AV18: 1035 | AW18: 459 | AX18: много дропов, длина итерации больше минуты | AY18: https://10.116.41.195/grafana/d/edo-radius-full/edo-radius3a-full-auth-acct-2b-kafka-2b-infra?orgId=1&from=1762782849507&to=1762783181222 | BB18: TLS_VUS="700" TLS_MAXVUS="4000" TLS_AVG_ITER_SEC="1.5" TLS_TIMEUNIT="1s" TLS_STAGES="60s@40,60s@70,60s@100,60s@130,60s@0" START_JITTER_SEC="2" SLEEP_JITTER_SEC="0.05" RADIUS_ADDRS="10.116.41.195" RADIUS_SECRET="cisco" EAPOL_NAS_IP_LIST="10.116.42.70,10.116.42.71,10.116.42.72,10.116.42.73,10.116.42.74,10.116.42.75,10.116.42.76,10.116.42.77,10.116.42.78,10.116.42.79" NAS_IP_MAX_INFLIGHT="30" NAS_LOCK_WAIT_MS="60000" CA_CERT="./ROOT_WIN-AD.cer" TLS_PFX_DIR="./certs-eap-tls" TLS_PFX_EXT=".pfx" PRIVATE_KEY_PASS="12345" TLS_MAC_FILE="./macs.txt" CSV_PATH="./users-10.csv" RPS_FILE="./tls_rps_sec.log" ERROR_LOG="./tls_errors.log" EAPOL_BIN="./eapol_test_2.11" EAPOL_TIMEOUT_SEC="60" EXEC_TIMEOUT_SEC="90" RPS_SECOND_STATS="true" LOG_ALL_FAILURES="true" K6_WEB_DASHBOARD="true" k6-exec run radius_load_tls.js | BC18: 10 | BD18: 10 | BE18: 10000 | BF18: 3 | BG18: 8 | BH18: 16 | BI18: 120
A19: 6 | B19: 2025-11-10 17:06:19 | C19: EAP-TLS | D19: 5m@130 | E19: 2025-11-10 17:00:44 | F19: 2025-11-10 17:06:19 | G19: 130 | H19: 44484.224 | I19: 0.5488 | J19: 0.2047 | K19: 0.9787 | L19: 41.1172 | M19: 0 | N19: 0 | O19: 46.1 | P19: 54.61 | Q19: 223.6068 | R19: 2500 | S19: 150 | T19: 3000 | U19: 300 | V19: 2435 | W19: =Y19+X19 -> 18124 | X19: 12816 | Y19: 5308 | Z19: =Y19/W19 -> 0.29287133 | AA19: 1 | AB19: =AA19/W19 -> 5.5175458e-05 | AC19: 0 | AD19: =AC19/W19 -> 0 | AE19: 0 | AF19: 0 | AG19: 3012.0073 | AH19: 8996.2 | AI19: 28093 | AJ19: 68334.327 | AK19: 97582.416 | AL19: 6 | AM19: 86 | AN19: 14.33 | AO19: 1.5918 | AP19: 1299.8808 | AQ19: 721.5625 | AR19: 47 | AS19: 73.2 | AT19: 1625 | AU19: 902 | AV19: 845 | AW19: 469 | AX19: много дропов, длина итерации больше минуты; единственная ошибка - Access_reject | AY19: https://10.116.41.195/grafana/d/edo-radius-full/edo-radius3a-full-auth-acct-2b-kafka-2b-infra?orgId=1&from=1762783244943&to=1762783579106 | BB19: TLS_VUS="700" TLS_MAXVUS="3000" TLS_AVG_ITER_SEC="1.5" TLS_TIMEUNIT="1s" TLS_STAGES="5m@130" START_JITTER_SEC="2" SLEEP_JITTER_SEC="0.05" RADIUS_ADDRS="10.116.41.195" RADIUS_SECRET="cisco" EAPOL_NAS_IP_LIST="10.116.42.70,10.116.42.71,10.116.42.72,10.116.42.73,10.116.42.74,10.116.42.75,10.116.42.76,10.116.42.77,10.116.42.78,10.116.42.79" NAS_IP_MAX_INFLIGHT="30" NAS_LOCK_WAIT_MS="60000" CA_CERT="./ROOT_WIN-AD.cer" TLS_PFX_DIR="./certs-eap-tls" TLS_PFX_EXT=".pfx" PRIVATE_KEY_PASS="12345" TLS_MAC_FILE="./macs.txt" CSV_PATH="./users-10.csv" RPS_FILE="./tls_rps_sec.log" ERROR_LOG="./tls_errors.log" EAPOL_BIN="./eapol_test_2.11" EAPOL_TIMEOUT_SEC="60" EXEC_TIMEOUT_SEC="90" RPS_SECOND_STATS="true" LOG_ALL_FAILURES="true" K6_WEB_DASHBOARD="true" k6-exec run radius_load_tls.js | BC19: 10 | BD19: 10 | BE19: 10000 | BF19: 3 | BG19: 8 | BH19: 16 | BI19: 120
A20: 7 | B20: 2025-11-10 17:42:30 | C20: EAP-TLS | D20: 20m@100 | E20: 2025-11-10 17:21:59 | F20: 2025-11-10 17:42:30 | G20: 100 | H20: 247201.53 | I20: 0.016663 | J20: 0.1816 | K20: 1.6037 | L20: 95.2539 | M20: 0 | N20: 0 | O20: 61.64 | P20: 66.18 | Q20: 223.6068 | R20: 2500 | S20: 150 | T20: 3000 | U20: 300 | V20: 3000 | W20: =Y20+X20 -> 58745 | X20: 28082 | Y20: 30663 | Z20: =Y20/W20 -> 0.52196783 | AA20: 3 | AB20: =AA20/W20 -> 5.1068176e-05 | AC20: 0 | AD20: =AC20/W20 -> 0 | AE20: 0 | AF20: 0 | AG20: 5123.0128 | AH20: 14426.75 | AI20: 36678 | AJ20: 73174.369 | AK20: 125521.61 | AL20: 6 | AM20: 365 | AN20: 60.83 | AO20: 1.7305 | AP20: 1720.9501 | AQ20: 797.25 | AR20: 56.2 | AS20: 78.5 | AT20: 2151 | AU20: 997 | AV20: 1119 | AW20: 518 | AY20: https://10.116.41.195/grafana/d/edo-radius-full/edo-radius3a-full-auth-acct-2b-kafka-2b-infra?orgId=1&from=1762784519494&to=1762785750259 | BA20: реджекты {"timestamp":"2025-11-10T17:25:36","user":"EAP-TLS-LT00002","mac":"00:11:22:16:be:09","nas_ip":"10.116.42.76","radius_server":"10.116.41.195","error_type":"ACCESS_REJECT","exit_code":252,"duration_sec":"11.263","output_preview":"Reading configuration file \\/dev/stdin\ Line: 1 - start of a new network block key_mgmt: 0x8 eap methods - hexdump(len=16): 00 00 00 00 0d 00 00 00 00 00 00 00 00 00 00 00 identity - hexdump_ascii(len=15): 45 41 50 2d 54 4c 53 2d 4c 54 30 30 30 30 32 EAP-TLS-LT00002 private_key - hexdump_"} {"timestamp":"2025-11-10T17:30:58","user":"EAP-TLS-LT00002","mac":"00:11:22:16:2a:2c","nas_ip":"10.116.42.70","radius_server":"10.116.41.195","error_type":"ACCESS_REJECT","exit_code":252,"duration_sec":"11.465","output_preview":"Reading configuration file \\/dev/stdin\ Line: 1 - start of a new network block key_mgmt: 0x8 eap methods - hexdump(len=16): 00 00 00 00 0d 00 00 00 00 00 00 00 00 00 00 00 identity - hexdump_ascii(len=15): 45 41 50 2d 54 4c 53 2d 4c 54 30 30 30 30 32 EAP-TLS-LT00002 private_key - hexdump_"} {"timestamp":"2025-11-10T17:38:16","user":"EAP-TLS-LT00001","mac":"00:11:22:19:c6:b6","nas_ip":"10.116.42.79","radius_server":"10.116.41.195","error_type":"ACCESS_REJECT","exit_code":252,"duration_sec":"13.914","output_preview":"Reading configuration file \\/dev/stdin\ Line: 1 - start of a new network block key_mgmt: 0x8 eap methods - hexdump(len=16): 00 00 00 00 0d 00 00 00 00 00 00 00 00 00 00 00 identity - hexdump_ascii(len=15): 45 41 50 2d 54 4c 53 2d 4c 54 30 30 30 30 31 EAP-TLS-LT00001 private_key - hexdump_"} | BB20: TLS_VUS="700" TLS_MAXVUS="3000" TLS_AVG_ITER_SEC="1.5" TLS_TIMEUNIT="1s" TLS_STAGES="20m@100" START_JITTER_SEC="2" SLEEP_JITTER_SEC="0.05" RADIUS_ADDRS="10.116.41.195" RADIUS_SECRET="cisco" EAPOL_NAS_IP_LIST="10.116.42.70,10.116.42.71,10.116.42.72,10.116.42.73,10.116.42.74,10.116.42.75,10.116.42.76,10.116.42.77,10.116.42.78,10.116.42.79" NAS_IP_MAX_INFLIGHT="30" NAS_LOCK_WAIT_MS="60000" CA_CERT="./ROOT_WIN-AD.cer" TLS_PFX_DIR="./certs-eap-tls" TLS_PFX_EXT=".pfx" PRIVATE_KEY_PASS="12345" TLS_MAC_FILE="./macs.txt" CSV_PATH="./users-10.csv" RPS_FILE="./tls_rps_sec.log" ERROR_LOG="./tls_errors.log" EAPOL_BIN="./eapol_test_2.11" EAPOL_TIMEOUT_SEC="60" EXEC_TIMEOUT_SEC="90" RPS_SECOND_STATS="true" LOG_ALL_FAILURES="true" K6_WEB_DASHBOARD="true" k6-exec run radius_load_tls.js | BC20: 10 | BD20: 10 | BE20: 10000 | BF20: 3 | BG20: 8 | BH20: 16 | BI20: 120
A21: 8 | B21: 2025-11-10 17:52:34 | C21: EAP-TLS | D21: 30s@160,3m@100,30s@0 | E21: 2025-11-10 17:48:02 | F21: 2025-11-10 17:52:34 | G21: 160 | H21: 47630.619 | I21: 0.014738 | J21: 0.2342 | K21: 1.5163 | L21: 15.918 | M21: 0 | N21: 0 | O21: 58.9024 | P21: 65.625 | Q21: 81.4457 | R21: 2500 | S21: 150 | T21: 3000 | U21: 300 | V21: 2624 | W21: =X21+Y21 -> 26362 | X21: 20593 | Y21: 5769 | Z21: =Y21/W21 -> 0.21883772 | AA21: 0 | AB21: =AA21/W21 -> 0 | AC21: 0 | AD21: =AC21/W21 -> 0 | AE21: 0 | AF21: 0 | AG21: 4193.6024 | AH21: 9431.4 | AI21: 21021 | AJ21: 70220.861 | AK21: 92018.532 | AL21: 6 | AM21: 180 | AN21: 30 | AO21: 1.721 | AP21: 1721 | AQ21: 797.25 | AR21: 50.5 | AS21: 79.5 | AT21: 2151 | AU21: 997 | AV21: 1119 | AW21: 518 | AY21: https://10.116.41.195/grafana/d/edo-radius-full/edo-radius3a-full-auth-acct-2b-kafka-2b-infra?orgId=1&from=1762786082540&to=1762786354738 | BB21: TLS_VUS="700" TLS_MAXVUS="3000" TLS_AVG_ITER_SEC="1.5" TLS_TIMEUNIT="1s" TLS_STAGES="30s@160,3m@100,30s@0" START_JITTER_SEC="2" SLEEP_JITTER_SEC="0.05" RADIUS_ADDRS="10.116.41.195" RADIUS_SECRET="cisco" EAPOL_NAS_IP_LIST="10.116.42.70,10.116.42.71,10.116.42.72,10.116.42.73,10.116.42.74,10.116.42.75,10.116.42.76,10.116.42.77,10.116.42.78,10.116.42.79" NAS_IP_MAX_INFLIGHT="30" NAS_LOCK_WAIT_MS="60000" CA_CERT="./ROOT_WIN-AD.cer" TLS_PFX_DIR="./certs-eap-tls" TLS_PFX_EXT=".pfx" PRIVATE_KEY_PASS="12345" TLS_MAC_FILE="./macs.txt" CSV_PATH="./users-10.csv" RPS_FILE="./tls_rps_sec.log" ERROR_LOG="./tls_errors.log" EAPOL_BIN="./eapol_test_2.11" EAPOL_TIMEOUT_SEC="60" EXEC_TIMEOUT_SEC="90" RPS_SECOND_STATS="true" LOG_ALL_FAILURES="true" K6_WEB_DASHBOARD="true" k6-exec run radius_load_tls.js | BC21: 10 | BD21: 10 | BE21: 10000 | BF21: 3 | BG21: 8 | BH21: 16 | BI21: 120
A22: 13 | B22: 2025-11-11 11:17:48 | C22: EAP-TLS | D22: 60s@40,60s@70,60s@100,60s@130,60s@0 | E22: 2025-11-11 11:12:38 | F22: 2025-11-11 11:17:48 | G22: 130 | H22: 115608.57 | I22: 46.3043 | J22: 16.6333 | K22: 1.1187 | L22: 197.8242 | M22: 0 | N22: 0 | O22: 193.7368 | P22: 199.024 | Q22: 141.4214 | R22: 2500 | S22: 150 | T22: 3000 | U22: 300 | V22: 1435 | W22: 18462 | X22: 0 | Y22: 13946 | Z22: 75.5389 | AA22: 4516 | AB22: =AA22/W22 -> 0.24461055 | AC22: 512 | AD22: =AC22/W22 -> 0.02773264 | AE22: 0 | AF22: 0 | AG22: 5320.9932 | AH22: 18201.95 | AI22: 60584 | AJ22: 5731.681 | AK22: 67926.101 | AL22: 3 | AM22: 323 | AN22: 107.67 | AO22: 2.498 | AP22: 2498 | AQ22: 1150.9961 | AR22: 65.7 | AS22: 43.4 | AT22: 3123 | AU22: 1439 | AV22: 1624 | AW22: 748 | AX22: дропов нет, но много (больше 2 процентов) ошибок по таймауту + есть много пересечений по сессиям, поэтому реджекты | AY22: https://10.116.41.195/grafana/d/edo-radius-full/edo-radius3a-full-auth-acct-2b-kafka-2b-infra?orgId=1&from=1762848758308&to=1762849068864 | BC22: 10 | BD22: 10 | BE22: 10000 | BF22: 3 | BG22: 8 | BH22: 36 | BI22: 120
A23: 14 | B23: 2025-11-11 12:44:14 | C23: EAP-TLS | D23: 5m@130 | E23: 2025-11-11 12:38:39 | F23: 2025-11-11 12:44:14 | G23: 130 | H23: 115371.21 | I23: 38.4651 | J23: 13.3821 | K23: 1.425 | L23: 215.875 | M23: 0 | N23: 0 | O23: 210.1484 | P23: 232.9227 | Q23: 141.4214 | R23: 2500 | S23: 150 | T23: 3000 | U23: 300 | V23: 1410 | W23: 17974 | X23: 0 | Y23: 15114 | Z23: 84.0881 | AA23: 2860 | AB23: =AA23/W23 -> 0.15911873 | AC23: 209 | AD23: =AC23/W23 -> 0.011627907 | AE23: 0 | AF23: 0 | AG23: 3652.3744 | AH23: 14990.8 | AI23: 60092 | AJ23: 3991.1489 | AK23: 62062.508 | AL23: 3 | AM23: 237 | AN23: 79 | AO23: 2.5007 | AP23: 2500.7 | AQ23: 1149.168 | AR23: 66.7 | AS23: 43.9 | AT23: 3126 | AU23: 1436 | AV23: 1625 | AW23: 747 | AY23: https://10.116.41.195/grafana/d/edo-radius-full/edo-radius3a-full-auth-acct-2b-kafka-2b-infra?orgId=1&from=1762853919945&to=1762854254053 | BC23: 10 | BD23: 10 | BE23: 10000 | BF23: 3 | BG23: 8 | BH23: 36 | BI23: 120
A24: 15 | B24: 2025-11-11 14:04:49 | C24: EAP-TLS | D24: 20m@100 | E24: 2025-11-11 13:44:43 | F24: 2025-11-11 14:04:49 | G24: 100 | H24: 442650.18 | I24: 40.2982 | J24: 8.127 | K24: 1.3937 | L24: 303.9688 | M24: 0 | N24: 0 | O24: 224.66 | P24: 226.91 | Q24: 132.174 | R24: 2500 | S24: 150 | T24: 3000 | U24: 300 | V24: 943 | W24: 59147 | X24: 0 | Y24: 55359 | Z24: 93.5956 | AA24: 3788 | AB24: =AA24/W24 -> 0.064043823 | AC24: 20 | AD24: =AC24/W24 -> 0.00033814056 | AE24: 0 | AF24: 0 | AG24: 1465.6467 | AH24: 7717.8 | AI24: 60152 | AJ24: 1604.6458 | AK24: 60351.294 | AL24: 3 | AM24: 352 | AN24: 117.33 | AO24: 2.4947 | AP24: 2494.7 | AQ24: 1121.3008 | AR24: 67.2 | AS24: 44.4 | AT24: 3118 | AU24: 1402 | AV24: 1622 | AW24: 729 | AY24: https://10.116.41.195/grafana/d/edo-radius-full/edo-radius3a-full-auth-acct-2b-kafka-2b-infra?orgId=1&from=1762857883776&to=1762859089720 | BB24: TLS_STAGES="20m@100" TLS_VUS="400" TLS_MAXVUS="1500" TLS_AVG_ITER_SEC="1.5" TLS_TIMEUNIT="1s" START_JITTER_SEC="2" SLEEP_JITTER_SEC="0.05" RADIUS_ADDRS="10.116.41.195" RADIUS_SECRET="cisco" EAPOL_NAS_IP_LIST="10.116.42.70,10.116.42.71,10.116.42.72,10.116.42.73,10.116.42.74,10.116.42.75,10.116.42.76,10.116.42.77,10.116.42.78,10.116.42.79" NAS_LOCK_WAIT_MS="20000" CA_CERT="./ROOT_WIN-AD.cer" TLS_PFX_DIR="./certs-eap-tls" TLS_PFX_EXT=".pfx" PRIVATE_KEY_PASS="12345" TLS_MAC_FILE="./macs.txt" CSV_PATH="./users-10.csv" RPS_FILE=" ./tls_rps_sec.log" ERROR_LOG=" ./tls_errors.log" EAPOL_BIN="./eapol_test_2.11" EAPOL_TIMEOUT_SEC="60" EXEC_TIMEOUT_SEC="90" RPS_SECOND_STATS="true" LOG_ALL_FAILURES="true" K6_WEB_DASHBOARD="true" k6-exec run radius_load_tls.js | BC24: 10 | BD24: 10 | BE24: 10000 | BF24: 3 | BG24: 8 | BH24: 36 | BI24: 120
A25: 16 | B25: 2025-11-11 14:30:53 | C25: EAP-TLS | D25: 30s@160,3m@100,30s@0 | E25: 2025-11-11 14:26:43 | F25: 2025-11-11 14:30:53 | G25: 160 | H25: 62678.981 | I25: 59.4603 | J25: 40.4015 | K25: 2.02 | L25: 424.3086 | M25: 0 | N25: 0 | O25: 195.34 | P25: 224.2646 | Q25: 137.1992 | R25: 2500 | S25: 150 | T25: 3000 | U25: 300 | V25: 1500 | W25: 21442 | X25: 0 | Y25: 9260 | Z25: 43.1863 | AA25: 12182 | AB25: =AA25/W25 -> 0.5681373 | AC25: 1080 | AD25: =AC25/W25 -> 0.050368436 | AE25: 0 | AF25: 0 | AG25: 10703.747 | AH25: 60015 | AI25: 61464 | AJ25: 12121.836 | AK25: 74042.389 | AL25: 3 | AM25: 517 | AN25: 172.33 | AO25: 2.4987 | AP25: 2498.7 | AQ25: 1229.043 | AR25: 63.8 | AS25: 44.6 | AT25: 3123 | AU25: 1536 | AV25: 1624 | AW25: 799 | AY25: https://10.116.41.195/grafana/d/edo-radius-full/edo-radius3a-full-auth-acct-2b-kafka-2b-infra?orgId=1&from=1762860403852&to=1762860653860 | BC25: 10 | BD25: 10 | BE25: 10000 | BF25: 3 | BG25: 8 | BH25: 36 | BI25: 120
A26: 17 | B26: 2025-11-11 02:28:09 | C26: EAP-TLS | D26: 60s@40,60s@70,60s@100,60s@130,60s@0 | E26: 2025-11-11 02:23:09 | F26: 2025-11-11 02:28:09 | G26: 130 | H26: 167174.34 | I26: 8.6007 | J26: 1.5579 | K26: 2.905 | L26: 176.4648 | M26: 0 | N26: 0 | O26: 157.2695 | P26: 159.14 | Q26: 118.6661 | R26: 2500 | S26: 150 | T26: 3000 | U26: 300 | V26: 400 | W26: 20399 | X26: 0 | Y26: 20399 | Z26: 100 | AA26: 0 | AB26: =AA26/W26 -> 0 | AC26: 0 | AD26: =AC26/W26 -> 0 | AE26: 0 | AF26: 0 | AG26: 236.21168 | AH26: 455 | AI26: 5156 | AJ26: 325.32855 | AK26: 5197.4446 | AL26: 6 | AM26: 156 | AN26: 26 | AO26: 2.269 | AP26: 2269 | AQ26: 842.3945 | AR26: 85.9 | AS26: 37.1 | AT26: 2836 | AU26: 1053 | AV26: 1475 | AW26: 548 | AY26: https://10.116.41.195/grafana/d/edo-radius-full/edo-radius3a-full-auth-acct-2b-kafka-2b-infra?orgId=1&from=1762816989916&to=1762817289934 | BB26: TLS_VUS="400" TLS_MAXVUS="1500" TLS_AVG_ITER_SEC="1.5" TLS_TIMEUNIT="1s" TLS_STAGES="60s@40,60s@70,60s@100,60s@130,60s@0" START_JITTER_SEC="2" SLEEP_JITTER_SEC="0.05" RADIUS_ADDRS="10.116.41.195" RADIUS_SECRET="cisco" EAPOL_NAS_IP_LIST="10.116.42.70,10.116.42.71,10.116.42.72,10.116.42.73,10.116.42.74,10.116.42.75,10.116.42.76,10.116.42.77,10.116.42.78,10.116.42.79" NAS_LOCK_WAIT_MS="20000" CA_CERT="./ROOT_WIN-AD.cer" TLS_PFX_DIR="./certs-eap-tls" TLS_PFX_EXT=".pfx" PRIVATE_KEY_PASS="12345" TLS_MAC_FILE="./macs.txt" CSV_PATH="./users-10.csv" RPS_FILE="./tls_rps_sec.log" ERROR_LOG="./tls_errors.log" EAPOL_BIN="./eapol_test_2.11" EAPOL_TIMEOUT_SEC="60" EXEC_TIMEOUT_SEC="90" RPS_SECOND_STATS="true" LOG_ALL_FAILURES="true" K6_WEB_DASHBOARD="true" k6-exec run radius_load_tls.js | BC26: 10 | BD26: 10 | BE26: 10000 | BF26: 3 | BG26: 8 | BH26: 36 | BI26: 120
A27: 18 | B27: 2025-11-11 02:41:08 | C27: EAP-TLS | D27: 5m@130 | E27: 2025-11-11 02:36:08 | F27: 2025-11-11 02:41:08 | G27: 130 | H27: 159711.66 | I27: 7.0621 | J27: 1.1397 | K27: 2.465 | L27: 34.0352 | M27: 0 | N27: 0 | O27: 148.46 | P27: 152.5 | Q27: 223.6068 | R27: 2500 | S27: 150 | T27: 3000 | U27: 300 | V27: 400 | W27: 19488 | X27: 0 | Y27: 19487 | Z27: 99.9949 | AA27: 1 | AB27: =AA27/W27 -> 5.1313629e-05 | AC27: 0 | AD27: =AC27/W27 -> 0 | AE27: 0 | AF27: 0 | AG27: 221.06347 | AH27: 410 | AI27: 11116 | AJ27: 306.9943 | AK27: 11219.137 | AL27: 6 | AM27: 159 | AN27: 26.5 | AO27: 2.2 | AP27: 2200 | AQ27: 852.4023 | AR27: 77.1 | AS27: 37.9 | AT27: 2750 | AU27: 1066 | AV27: 1430 | AW27: 554 | AY27: https://10.116.41.195/grafana/d/edo-radius-full/edo-radius3a-full-auth-acct-2b-kafka-2b-infra?orgId=1&from=1762817768169&to=1762818068467 | BB27: TLS_VUS="400" TLS_MAXVUS="1500" TLS_AVG_ITER_SEC="1.5" TLS_TIMEUNIT="1s" TLS_STAGES="5m@130" START_JITTER_SEC="2" SLEEP_JITTER_SEC="0.05" RADIUS_ADDRS="10.116.41.195" RADIUS_SECRET="cisco" EAPOL_NAS_IP_LIST="10.116.42.70,10.116.42.71,10.116.42.72,10.116.42.73,10.116.42.74,10.116.42.75,10.116.42.76,10.116.42.77,10.116.42.78,10.116.42.79" NAS_LOCK_WAIT_MS="20000" CA_CERT="./ROOT_WIN-AD.cer" TLS_PFX_DIR="./certs-eap-tls" TLS_PFX_EXT=".pfx" PRIVATE_KEY_PASS="12345" TLS_MAC_FILE="./macs.txt" CSV_PATH="./users-10.csv" RPS_FILE="./tls_rps_sec.log" ERROR_LOG="./tls_errors.log" EAPOL_BIN="./eapol_test_2.11" EAPOL_TIMEOUT_SEC="60" EXEC_TIMEOUT_SEC="90" RPS_SECOND_STATS="true" LOG_ALL_FAILURES="true" K6_WEB_DASHBOARD="true" k6-exec run radius_load_tls.js | BC27: 10 | BD27: 10 | BE27: 10000 | BF27: 3 | BG27: 8 | BH27: 36 | BI27: 120
A28: 19 | B28: 2025-11-11 03:04:34 | C28: EAP-TLS | D28: 20m@100 | E28: 2025-11-11 02:44:34 | F28: 2025-11-11 03:04:34 | G28: 100 | H28: 483655.05 | I28: 4.4671 | J28: 1.687 | K28: 2.905 | L28: 179.2188 | M28: 0 | N28: 0 | O28: 157.2695 | P28: 159.14 | Q28: 223.6068 | R28: 2500 | S28: 150 | T28: 3000 | U28: 300 | V28: 400 | W28: 59998 | X28: 0 | Y28: 59998 | Z28: 100 | AA28: 0 | AB28: =AA28/W28 -> 0 | AC28: 0 | AD28: =AC28/W28 -> 0 | AE28: 0 | AF28: 0 | AG28: 169.3824 | AH28: 281 | AI28: 5217 | AJ28: 229.21641 | AK28: 5244.1452 | AL28: 6 | AM28: 133 | AN28: 22.17 | AO28: 2.2556 | AP28: 2255.6 | AQ28: 847.6602 | AR28: 79.3 | AS28: 39.6 | AT28: 2820 | AU28: 1060 | AV28: 1466 | AW28: 551 | AY28: https://10.116.41.195/grafana/d/edo-radius-full/edo-radius3a-full-auth-acct-2b-kafka-2b-infra?orgId=1&from=1762818274496&to=1762819474790 | BB28: TLS_VUS="400" TLS_MAXVUS="1500" TLS_AVG_ITER_SEC="1.5" TLS_TIMEUNIT="1s" TLS_STAGES="20m@100" START_JITTER_SEC="2" SLEEP_JITTER_SEC="0.05" RADIUS_ADDRS="10.116.41.195" RADIUS_SECRET="cisco" EAPOL_NAS_IP_LIST="10.116.42.70,10.116.42.71,10.116.42.72,10.116.42.73,10.116.42.74,10.116.42.75,10.116.42.76,10.116.42.77,10.116.42.78,10.116.42.79" NAS_LOCK_WAIT_MS="20000" CA_CERT="./ROOT_WIN-AD.cer" TLS_PFX_DIR="./certs-eap-tls" TLS_PFX_EXT=".pfx" PRIVATE_KEY_PASS="12345" TLS_MAC_FILE="./macs.txt" CSV_PATH="./users-10.csv" RPS_FILE="./tls_rps_sec.log" ERROR_LOG="./tls_errors.log" EAPOL_BIN="./eapol_test_2.11" EAPOL_TIMEOUT_SEC="60" EXEC_TIMEOUT_SEC="90" RPS_SECOND_STATS="true" LOG_ALL_FAILURES="true" K6_WEB_DASHBOARD="true" k6-exec run radius_load_tls.js | BC28: 10 | BD28: 10 | BE28: 10000 | BF28: 3 | BG28: 8 | BH28: 36 | BI28: 120
A29: 20 | B29: 2025-11-11 03:11:31 | C29: EAP-TLS | D29: 30s@160,3m@100,30s@0 | E29: 2025-11-11 03:07:31 | F29: 2025-11-11 03:11:31 | G29: 160 | H29: 215240.91 | I29: 23.0607 | J29: 8.5362 | K29: 5.0462 | L29: 262.3555 | M29: 0 | N29: 0 | O29: 181.6473 | P29: 182.18 | Q29: 61.7564 | R29: 2500 | S29: 150 | T29: 3000 | U29: 300 | V29: 449 | W29: 26440 | X29: 0 | Y29: 26313 | Z29: 99.5197 | AA29: 127 | AB29: =AA29/W29 -> 0.0048033283 | AC29: 0 | AD29: =AC29/W29 -> 0 | AE29: 0 | AF29: 0 | AG29: 868.45548 | AH29: 2327.05 | AI29: 13340 | AJ29: 1408.6755 | AK29: 17928.616 | AL29: 6 | AM29: 274 | AN29: 45.67 | AO29: 2.3518 | AP29: 2351.8 | AQ29: 1074.8711 | AR29: 92.4 | AS29: 42.1 | AT29: 2940 | AU29: 1344 | AV29: 1529 | AW29: 699 | AY29: https://10.116.41.195/grafana/d/edo-radius-full/edo-radius3a-full-auth-acct-2b-kafka-2b-infra?orgId=1&from=1762819651719&to=1762819891740 | BC29: 10 | BD29: 10 | BE29: 10000 | BF29: 3 | BG29: 8 | BH29: 36 | BI29: 120
A30: 21 | B30: 2025-11-11 03:44:36 | C30: EAP-TLS | D30: 60s@40,60s@70,60s@100,60s@130,60s@0 | E30: 2025-11-11 03:39:36 | F30: 2025-11-11 03:44:36 | G30: 130 | H30: 167176.39 | I30: 1.9045 | J30: 0.1772 | K30: 4.1887 | L30: 37.4648 | M30: 0 | N30: 0 | O30: 105.2442 | P30: 110.848 | Q30: 89.707 | R30: 2500 | S30: 150 | T30: 3000 | U30: 300 | V30: 400 | W30: 20399 | X30: 0 | Y30: 20398 | Z30: 99.9951 | AA30: 1 | AB30: =AA30/W30 -> 4.9022011e-05 | AC30: 0 | AD30: =AC30/W30 -> 0 | AE30: 0 | AF30: 0 | AG30: 287.73445 | AH30: 650 | AI30: 11305 | AJ30: 381.35926 | AK30: 11411.752 | AL30: 9 | AM30: 147 | AN30: =AM30/AL30 -> 16.333333 | AO30: 1.6876 | AP30: 1687.6 | AQ30: 994.8828 | AR30: 90.9 | AS30: 45.1 | AT30: 2110 | AU30: 1244 | AV30: 1097 | AW30: 647 | AY30: https://10.116.41.195/grafana/d/edo-radius-full/edo-radius3a-full-auth-acct-2b-kafka-2b-infra?orgId=1&from=1762821576229&to=1762821876258 | BC30: 10 | BD30: 10 | BE30: 10000 | BF30: 3 | BG30: 8 | BH30: 36 | BI30: 120
A31: 22 | B31: 2025-11-11 03:50:58 | C31: EAP-TLS | D31: 5m@130 | E31: 2025-11-11 03:45:55 | F31: 2025-11-11 03:50:58 | G31: 130 | H31: 160950.47 | I31: 1.8858 | J31: 0.3566 | K31: 4.2025 | L31: 37.4648 | M31: 0 | N31: 0 | O31: 106.6157 | P31: 109.136 | Q31: 89.707 | R31: 2500 | S31: 150 | T31: 3000 | U31: 300 | V31: 400 | W31: 19499 | X31: 0 | Y31: 19498 | Z31: 99.9949 | AA31: 1 | AB31: =AA31/W31 -> 5.1284681e-05 | AC31: 0 | AD31: =AC31/W31 -> 0 | AE31: 0 | AF31: 0 | AG31: 287.73732 | AH31: 656 | AI31: 11139 | AJ31: 378.16852 | AK31: 11208.486 | AL31: 9 | AM31: 163 | AN31: =AM31/AL31 -> 18.111111 | AO31: 1.6859 | AP31: 1685.9 | AQ31: 994.8828 | AR31: 77.5 | AS31: 45.1 | AT31: 2107 | AU31: 1244 | AV31: 1096 | AW31: 647 | AY31: https://10.116.41.195/grafana/d/edo-radius-full/edo-radius3a-full-auth-acct-2b-kafka-2b-infra?orgId=1&from=1762821955614&to=1762822258270 | BC31: 10 | BD31: 10 | BE31: 10000 | BF31: 3 | BG31: 8 | BH31: 36 | BI31: 120
A32: 23 | B32: 2025-11-11 04:13:29 | C32: EAP-TLS | D32: 20m@100 | E32: 2025-11-11 03:53:25 | F32: 2025-11-11 04:13:29 | G32: 100 | H32: 485145.86 | I32: 1.3463 | J32: 0.2321 | K32: 4.3962 | L32: 82.9844 | M32: 0 | N32: 0 | O32: 107.98 | P32: 111.4899 | Q32: 108.7857 | R32: 2500 | S32: 150 | T32: 3000 | U32: 300 | V32: 400 | W32: 59999 | X32: 0 | Y32: 59991 | Z32: 99.9867 | AA32: 8 | AB32: =AA32/W32 -> 0.00013333556 | AC32: 0 | AD32: =AC32/W32 -> 0 | AE32: 0 | AF32: 0 | AG32: 183.0414 | AH32: 321 | AI32: 11212 | AJ32: 243.43031 | AK32: 11306.652 | AL32: 9 | AM32: 143 | AN32: 15.89 | AO32: 1.766 | AP32: 1766 | AQ32: 1038.9922 | AR32: 81.9 | AS32: 46.7 | AT32: 2208 | AU32: 1299 | AV32: 1148 | AW32: 675 | AY32: https://10.116.41.195/grafana/d/edo-radius-full/edo-radius3a-full-auth-acct-2b-kafka-2b-infra?orgId=1&from=1762822405327&to=1762823609324 | BC32: 10 | BD32: 10 | BE32: 10000 | BF32: 3 | BG32: 8 | BH32: 36 | BI32: 120
A33: 24 | B33: 2025-11-11 14:46:13 | C33: EAP-TLS | D33: 30s@160,3m@100,30s@0 | E33: 2025-11-11 14:42:13 | F33: 2025-11-11 14:46:13 | G33: 160 | H33: 208004.53 | I33: 1.3093 | J33: 0.3223 | K33: 7.3675 | L33: 105.5352 | O33: 116.0255 | P33: 121.5232 | Q33: 103.5098 | R33: 2500 | S33: 150 | T33: 3000 | U33: 300 | V33: 606 | W33: 25973 | X33: 0 | Y33: 25921 | Z33: 99.7998 | AA33: 52 | AB33: =AA33/W33 -> 0.0020020791 | AC33: 0 | AD33: =AC33/W33 -> 0 | AE33: 0 | AF33: 0 | AG33: 1339.2962 | AH33: 3418.4 | AI33: 12306 | AJ33: 2089.4044 | AK33: 13478.231 | AL33: 9 | AM33: 353 | AN33: 39.22 | AO33: 1.7636 | AP33: 1763.6 | AQ33: 1058.2695 | AR33: 95.3 | AS33: 48.9 | AT33: 2205 | AU33: 1323 | AV33: 1146 | AW33: 688 | AY33: https://10.116.41.195/grafana/d/edo-radius-full/edo-radius3a-full-auth-acct-2b-kafka-2b-infra?orgId=1&from=1762861333398&to=1762861573416 | BB33: TLS_VUS="400" TLS_MAXVUS="1500" TLS_AVG_ITER_SEC="1.5" TLS_TIMEUNIT="1s" TLS_STAGES="30s@160,3m@100,30s@0" START_JITTER_SEC="2" SLEEP_JITTER_SEC="0.05" RADIUS_ADDRS="10.116.41.195" RADIUS_SECRET="cisco" EAPOL_NAS_IP_LIST="10.116.42.70,10.116.42.71,10.116.42.72,10.116.42.73,10.116.42.74,10.116.42.75,10.116.42.76,10.116.42.77,10.116.42.78,10.116.42.79" NAS_LOCK_WAIT_MS="20000" CA_CERT="./ROOT_WIN-AD.cer" TLS_PFX_DIR="./certs-eap-tls" TLS_PFX_EXT=".pfx" PRIVATE_KEY_PASS="12345" TLS_MAC_FILE="./macs.txt" CSV_PATH="./users-10.csv" RPS_FILE="./tls_rps_sec.log" ERROR_LOG="./tls_errors.log" EAPOL_BIN="./eapol_test_2.11" EAPOL_TIMEOUT_SEC="60" EXEC_TIMEOUT_SEC="90" RPS_SECOND_STATS="true" LOG_ALL_FAILURES="true" K6_WEB_DASHBOARD="true" k6-exec run radius_load_tls.js | BC33: 10 | BD33: 10 | BE33: 10000 | BF33: 3 | BG33: 8 | BH33: 36 | BI33: 120
A34: 25 | B34: 2025-11-11 19:06:47 | C34: EAP-TLS | D34: 60s@40,60s@70,60s@100,60s@130,60s@0 | E34: 2025-11-11 19:01:37 | F34: 2025-11-11 19:06:47 | G34: 130 | H34: 113943.88 | I34: 38.4533 | J34: 28.7653 | K34: 3.53 | L34: 556.8438 | M34: 0 | N34: 0 | O34: 211.42 | P34: 235.0988 | Q34: 141.4214 | R34: 2500 | S34: 150 | T34: 3000 | U34: 300 | V34: 1368 | W34: 18962 | X34: 0 | Y34: 13566 | Z34: 71.5431 | AA34: 5396 | AB34: =AA34/W34 -> 0.28456914 | AC34: 468 | AD34: =AC34/W34 -> 0.024680941 | AE34: 0 | AF34: 0 | AG34: 5507.0603 | AH34: 22000.3 | AI34: 60416 | AJ34: 5749.1017 | AK34: 62233.639 | AL34: 3 | AM34: 240 | AN34: 80 | AO34: 2.4522 | AP34: 2452.2 | AQ34: 1348.8008 | AR34: 88.5 | AS34: 34.5 | AT34: 3065 | AU34: 1686 | AV34: 1594 | AW34: 877 | AY34: https://10.116.41.195/grafana/d/edo-radius-full/edo-radius3a-full-auth-acct-2b-kafka-2b-infra?orgId=1&from=1762876897073&to=1762877207153 | BB34: TLS_VUS="400" TLS_MAXVUS="1500" TLS_AVG_ITER_SEC="1.5" TLS_TIMEUNIT="1s" TLS_STAGES="60s@40,60s@70,60s@100,60s@130,60s@0" START_JITTER_SEC="2" SLEEP_JITTER_SEC="0.05" RADIUS_ADDRS="10.116.41.195" RADIUS_SECRET="cisco" EAPOL_NAS_IP_LIST="10.116.42.70,10.116.42.71,10.116.42.72,10.116.42.73,10.116.42.74,10.116.42.75,10.116.42.76,10.116.42.77,10.116.42.78,10.116.42.79" NAS_LOCK_WAIT_MS="20000" CA_CERT="./ROOT_WIN-AD.cer" TLS_PFX_DIR="./certs-eap-tls" TLS_PFX_EXT=".pfx" PRIVATE_KEY_PASS="12345" TLS_MAC_FILE="./macs.txt" CSV_PATH="./users-10.csv" RPS_FILE="./tls_rps_sec.log" ERROR_LOG="./tls_errors.log" EAPOL_BIN="./eapol_test_2.11" EAPOL_TIMEOUT_SEC="60" EXEC_TIMEOUT_SEC="90" RPS_SECOND_STATS="true" LOG_ALL_FAILURES="true" K6_WEB_DASHBOARD="true" k6-exec run radius_load_tls.js | BC34: 10 | BD34: 10 | BE34: 10000 | BF34: 3 | BG34: 8 | BH34: 48 | BI34: 120
A35: 26 | B35: 2025-11-11 19:16:15 | C35: EAP-TLS | D35: 5m@130 | E35: 2025-11-11 19:10:31 | F35: 2025-11-11 19:16:15 | G35: 130 | H35: 124916.98 | I35: 34.7805 | J35: 20.3699 | K35: 4.375 | L35: 552.8281 | M35: 0 | N35: 0 | O35: 203.78 | P35: 232.6605 | Q35: 141.4214 | R35: 2500 | S35: 150 | T35: 3000 | U35: 300 | V35: 1087 | W35: 18248 | X35: 0 | Y35: 14876 | Z35: 81.5213 | AA35: 3372 | AB35: =AA35/W35 -> 0.18478737 | AC35: 1 | AD35: =AC35/W35 -> 5.4800526e-05 | AE35: 0 | AF35: 0 | AG35: 3202.1105 | AH35: 13296 | AI35: 60028 | AJ35: 3496.9053 | AK35: 60040.577 | AL35: 3 | AM35: 291 | AN35: 97 | AO35: 2.4413 | AP35: 2441.3 | AQ35: 1434.1562 | AR35: 91.5 | AS35: 34.9 | AT35: 3052 | AU35: 1793 | AV35: 1587 | AW35: 932 | AY35: https://10.116.41.195/grafana/d/edo-radius-full/edo-radius3a-full-auth-acct-2b-kafka-2b-infra?orgId=1&from=1762877431989&to=1762877775928 | BB35: TLS_VUS="400" TLS_MAXVUS="1500" TLS_AVG_ITER_SEC="1.5" TLS_TIMEUNIT="1s" TLS_STAGES="5m@130" START_JITTER_SEC="2" SLEEP_JITTER_SEC="0.05" RADIUS_ADDRS="10.116.41.195" RADIUS_SECRET="cisco" EAPOL_NAS_IP_LIST="10.116.42.70,10.116.42.71,10.116.42.72,10.116.42.73,10.116.42.74,10.116.42.75,10.116.42.76,10.116.42.77,10.116.42.78,10.116.42.79" NAS_LOCK_WAIT_MS="20000" CA_CERT="./ROOT_WIN-AD.cer" TLS_PFX_DIR="./certs-eap-tls" TLS_PFX_EXT=".pfx" PRIVATE_KEY_PASS="12345" TLS_MAC_FILE="./macs.txt" CSV_PATH="./users-10.csv" RPS_FILE="./tls_rps_sec.log" ERROR_LOG="./tls_errors.log" EAPOL_BIN="./eapol_test_2.11" EAPOL_TIMEOUT_SEC="60" EXEC_TIMEOUT_SEC="90" RPS_SECOND_STATS="true" LOG_ALL_FAILURES="true" K6_WEB_DASHBOARD="true" k6-exec run radius_load_tls.js | BC35: 10 | BD35: 10 | BE35: 10000 | BF35: 3 | BG35: 8 | BH35: 48 | BI35: 120
A36: 28 | B36: 2025-11-11 19:22:57 | C36: EAP-TLS | D36: 30s@160,3m@100,30s@0 | E36: 2025-11-11 19:18:41 | F36: 2025-11-11 19:22:57 | G36: 160 | H36: 65820.259 | I36: 50.4621 | J36: 34.0656 | K36: 4.4025 | L36: 560.8828 | M36: 0 | N36: 0 | O36: 195.2322 | P36: 205.496 | Q36: 135.2566 | R36: 2500 | S36: 150 | T36: 3000 | U36: 300 | V36: 1500 | W36: 21564 | X36: 0 | Y36: 7948 | Z36: 36.8577 | AA36: 13616 | AB36: =AA36/W36 -> 0.63142274 | AC36: 924 | AD36: =AC36/W36 -> 0.042849193 | AE36: 0 | AF36: 0 | AG36: 10418.84 | AH36: 29819.6 | AI36: 61479 | AJ36: 11830.991 | AK36: 71065.984 | AL36: 3 | AM36: 645 | AN36: 215 | AO36: 2.4619 | AP36: 2461.9 | AQ36: 1477.8867 | AR36: 87.1 | AS36: 35 | AT36: 3077 | AU36: 1847 | AV36: 1600 | AW36: 961 | AX36: Очень сильный дисбаланс по загрузке ядер: 10.116.41.196:9100 20.7 10.116.41.197:9100 87.1 10.116.41.198:9100 50.8 | AY36: https://10.116.41.195/grafana/d/edo-radius-full/edo-radius3a-full-auth-acct-2b-kafka-2b-infra?orgId=1&from=1762877921514&to=1762878177217 | BB36: TLS_VUS="400" TLS_MAXVUS="1500" TLS_AVG_ITER_SEC="1.5" TLS_TIMEUNIT="1s" TLS_STAGES="30s@160,3m@100,30s@0" START_JITTER_SEC="2" SLEEP_JITTER_SEC="0.05" RADIUS_ADDRS="10.116.41.195" RADIUS_SECRET="cisco" EAPOL_NAS_IP_LIST="10.116.42.70,10.116.42.71,10.116.42.72,10.116.42.73,10.116.42.74,10.116.42.75,10.116.42.76,10.116.42.77,10.116.42.78,10.116.42.79" NAS_LOCK_WAIT_MS="20000" CA_CERT="./ROOT_WIN-AD.cer" TLS_PFX_DIR="./certs-eap-tls" TLS_PFX_EXT=".pfx" PRIVATE_KEY_PASS="12345" TLS_MAC_FILE="./macs.txt" CSV_PATH="./users-10.csv" RPS_FILE="./tls_rps_sec.log" ERROR_LOG="./tls_errors.log" EAPOL_BIN="./eapol_test_2.11" EAPOL_TIMEOUT_SEC="60" EXEC_TIMEOUT_SEC="90" RPS_SECOND_STATS="true" LOG_ALL_FAILURES="true" K6_WEB_DASHBOARD="true" k6-exec run radius_load_tls.js | BC36: 10 | BD36: 10 | BE36: 10000 | BF36: 3 | BG36: 8 | BH36: 48 | BI36: 120
A37: 29 | B37: 2025-11-11 18:23:01 | C37: EAP-TLS | D37: 60s@40,60s@70,60s@100,60s@130,60s@0 | E37: 2025-11-11 18:18:01 | F37: 2025-11-11 18:23:01 | G37: 130 | H37: 167272.68 | I37: 20.8904 | J37: 3.2966 | K37: 4.8212 | L37: 271.5664 | M37: 0 | N37: 0 | O37: 176.7635 | P37: 177.3169 | Q37: 219.013 | R37: 2500 | S37: 150 | T37: 3000 | U37: 300 | V37: 400 | W37: 20399 | X37: 0 | Y37: 20399 | Z37: 100 | AA37: 0 | AB37: =AA37/W37 -> 0 | AC37: 0 | AD37: =AC37/W37 -> 0 | AE37: 0 | AF37: 0 | AG37: 323.02123 | AH37: 726 | AI37: 8173 | AJ37: 428.09148 | AK37: 8248.6363 | AL37: 6 | AM37: 154 | AN37: 25.67 | AO37: 2.1907 | AP37: 2190.7 | AQ37: 1222.2617 | AR37: 90.5 | AS37: 30.5 | AT37: 2738 | AU37: 1528 | AV37: 1424 | AW37: 794 | AY37: https://10.116.41.195/grafana/d/edo-radius-full/edo-radius3a-full-auth-acct-2b-kafka-2b-infra?orgId=1&from=1762874281952&to=1762874581974 | BB37: TLS_VUS="400" TLS_MAXVUS="1500" TLS_AVG_ITER_SEC="1.5" TLS_TIMEUNIT="1s" TLS_STAGES="60s@40,60s@70,60s@100,60s@130,60s@0" START_JITTER_SEC="2" SLEEP_JITTER_SEC="0.05" RADIUS_ADDRS="10.116.41.195" RADIUS_SECRET="cisco" EAPOL_NAS_IP_LIST="10.116.42.70,10.116.42.71,10.116.42.72,10.116.42.73,10.116.42.74,10.116.42.75,10.116.42.76,10.116.42.77,10.116.42.78,10.116.42.79" NAS_LOCK_WAIT_MS="20000" CA_CERT="./ROOT_WIN-AD.cer" TLS_PFX_DIR="./certs-eap-tls" TLS_PFX_EXT=".pfx" PRIVATE_KEY_PASS="12345" TLS_MAC_FILE="./macs.txt" CSV_PATH="./users-10.csv" RPS_FILE="./tls_rps_sec.log" ERROR_LOG="./tls_errors.log" EAPOL_BIN="./eapol_test_2.11" EAPOL_TIMEOUT_SEC="60" EXEC_TIMEOUT_SEC="90" RPS_SECOND_STATS="true" LOG_ALL_FAILURES="true" K6_WEB_DASHBOARD="true" k6-exec run radius_load_tls.js | BC37: 10 | BD37: 10 | BE37: 10000 | BF37: 3 | BG37: 8 | BH37: 48 | BI37: 120
A38: 30 | B38: 2025-11-11 18:30:19 | C38: EAP-TLS | D38: 5m@130 | E38: 2025-11-11 18:25:16 | F38: 2025-11-11 18:30:19 | G38: 130 | H38: 160393.44 | I38: 8.3421 | J38: 2.6827 | K38: 3.6137 | L38: 116.2148 | M38: 0 | N38: 0 | O38: 155.4404 | P38: 168.4231 | Q38: 96.057 | R38: 2500 | S38: 150 | T38: 3000 | U38: 300 | V38: 400 | W38: 19498 | X38: 0 | Y38: 19496 | Z38: 99.9897 | AA38: 2 | AB38: =AA38/W38 -> 0.00010257462 | AC38: 0 | AD38: =AC38/W38 -> 0 | AE38: 0 | AF38: 0 | AG38: 303.59893 | AH38: 657 | AI38: 11230 | AJ38: 392.29351 | AK38: 11347.776 | AL38: 6 | AM38: 161 | AN38: 26.83 | AO38: 2.1561 | AP38: 2156.1 | AQ38: 1032.375 | AR38: 85.6 | AS38: 31.4 | AT38: 2695 | AU38: 1290 | AV38: 1401 | AW38: 671 | AY38: https://10.116.41.195/grafana/d/edo-radius-full/edo-radius3a-full-auth-acct-2b-kafka-2b-infra?orgId=1&from=1762874716950&to=1762875019131 | BB38: TLS_VUS="400" TLS_MAXVUS="1500" TLS_AVG_ITER_SEC="1.5" TLS_TIMEUNIT="1s" TLS_STAGES="5m@130" START_JITTER_SEC="2" SLEEP_JITTER_SEC="0.05" RADIUS_ADDRS="10.116.41.195" RADIUS_SECRET="cisco" EAPOL_NAS_IP_LIST="10.116.42.70,10.116.42.71,10.116.42.72,10.116.42.73,10.116.42.74,10.116.42.75,10.116.42.76,10.116.42.77,10.116.42.78,10.116.42.79" NAS_LOCK_WAIT_MS="20000" CA_CERT="./ROOT_WIN-AD.cer" TLS_PFX_DIR="./certs-eap-tls" TLS_PFX_EXT=".pfx" PRIVATE_KEY_PASS="12345" TLS_MAC_FILE="./macs.txt" CSV_PATH="./users-10.csv" RPS_FILE="./tls_rps_sec.log" ERROR_LOG="./tls_errors.log" EAPOL_BIN="./eapol_test_2.11" EAPOL_TIMEOUT_SEC="60" EXEC_TIMEOUT_SEC="90" RPS_SECOND_STATS="true" LOG_ALL_FAILURES="true" K6_WEB_DASHBOARD="true" k6-exec run radius_load_tls.js | BC38: 10 | BD38: 10 | BE38: 10000 | BF38: 3 | BG38: 8 | BH38: 48 | BI38: 120
A39: 31 | B39: 2025-11-11 18:51:38 | C39: EAP-TLS | D39: 20m@100 | E39: 2025-11-11 18:31:38 | F39: 2025-11-11 18:51:38 | G39: 100 | H39: 483698.38 | I39: 10.7274 | J39: 2.2925 | K39: 4.7112 | L39: 293.9961 | M39: 0 | N39: 0 | O39: 175.2252 | P39: 180.51 | Q39: 223.6068 | R39: 2500 | S39: 150 | T39: 3000 | U39: 300 | V39: 400 | W39: 59999 | X39: 0 | Y39: 59992 | Z39: 99.9883 | AA39: 7 | AB39: =AA39/W39 -> 0.00011666861 | AC39: 0 | AD39: =AC39/W39 -> 0 | AE39: 0 | AF39: 0 | AG39: 191.9844 | AH39: 343 | AI39: 11298 | AJ39: 252.14052 | AK39: 11413.582 | AL39: 3 | AM39: 113 | AN39: 37.67 | AO39: 2.2872 | AP39: 2287.2 | AQ39: 1229.4062 | AR39: 86.4 | AS39: 32.4 | AT39: 2859 | AU39: 1537 | AV39: 1487 | AW39: 799 | AY39: https://10.116.41.195/grafana/d/edo-radius-full/edo-radius3a-full-auth-acct-2b-kafka-2b-infra?orgId=1&from=1762875098679&to=1762876298989 | BB39: TLS_VUS="400" TLS_MAXVUS="1500" TLS_AVG_ITER_SEC="1.5" TLS_TIMEUNIT="1s" TLS_STAGES="20m@100" START_JITTER_SEC="2" SLEEP_JITTER_SEC="0.05" RADIUS_ADDRS="10.116.41.195" RADIUS_SECRET="cisco" EAPOL_NAS_IP_LIST="10.116.42.70,10.116.42.71,10.116.42.72,10.116.42.73,10.116.42.74,10.116.42.75,10.116.42.76,10.116.42.77,10.116.42.78,10.116.42.79" NAS_LOCK_WAIT_MS="20000" CA_CERT="./ROOT_WIN-AD.cer" TLS_PFX_DIR="./certs-eap-tls" TLS_PFX_EXT=".pfx" PRIVATE_KEY_PASS="12345" TLS_MAC_FILE="./macs.txt" CSV_PATH="./users-10.csv" RPS_FILE="./tls_rps_sec.log" ERROR_LOG="./tls_errors.log" EAPOL_BIN="./eapol_test_2.11" EAPOL_TIMEOUT_SEC="60" EXEC_TIMEOUT_SEC="90" RPS_SECOND_STATS="true" LOG_ALL_FAILURES="true" K6_WEB_DASHBOARD="true" k6-exec run radius_load_tls.js | BC39: 10 | BD39: 10 | BE39: 10000 | BF39: 3 | BG39: 8 | BH39: 48 | BI39: 120
A40: 32 | B40: 2025-11-11 18:14:24 | C40: EAP-TLS | D40: 30s@160,3m@100,30s@0 | E40: 2025-11-11 18:10:24 | F40: 2025-11-11 18:14:24 | G40: 160 | H40: 212971.89 | I40: 24.3574 | J40: 3.5105 | K40: 6.2263 | L40: 271.5664 | M40: 0 | N40: 0 | O40: 169.6332 | P40: 177.106 | Q40: 34.6422 | R40: 2500 | S40: 150 | T40: 3000 | U40: 300 | V40: 454 | W40: 25969 | X40: 0 | Y40: 25925 | Z40: 99.8306 | AA40: 44 | AB40: =AA40/W40 -> 0.0016943279 | AC40: 0 | AD40: =AC40/W40 -> 0 | AE40: 0 | AF40: 0 | AG40: 946.23339 | AH40: 2513.8 | AI40: 11670 | AJ40: 1583.121 | AK40: 12376.336 | AL40: 6 | AM40: 248 | AN40: 41.33 | AO40: 2.2872 | AP40: 2287.2 | AQ40: 1222.2617 | AR40: 93.1 | AS40: 29.9 | AT40: 2859 | AU40: 1528 | AV40: 1487 | AW40: 794 | AY40: https://10.116.41.195/grafana/d/edo-radius-full/edo-radius3a-full-auth-acct-2b-kafka-2b-infra?orgId=1&from=1762873824794&to=1762874064812 | BB40: TLS_VUS="400" TLS_MAXVUS="1500" TLS_AVG_ITER_SEC="1.5" TLS_TIMEUNIT="1s" TLS_STAGES="30s@160,3m@100,30s@0" START_JITTER_SEC="2" SLEEP_JITTER_SEC="0.05" RADIUS_ADDRS="10.116.41.195" RADIUS_SECRET="cisco" EAPOL_NAS_IP_LIST="10.116.42.70,10.116.42.71,10.116.42.72,10.116.42.73,10.116.42.74,10.116.42.75,10.116.42.76,10.116.42.77,10.116.42.78,10.116.42.79" NAS_LOCK_WAIT_MS="20000" CA_CERT="./ROOT_WIN-AD.cer" TLS_PFX_DIR="./certs-eap-tls" TLS_PFX_EXT=".pfx" PRIVATE_KEY_PASS="12345" TLS_MAC_FILE="./macs.txt" CSV_PATH="./users-10.csv" RPS_FILE="./tls_rps_sec.log" ERROR_LOG="./tls_errors.log" EAPOL_BIN="./eapol_test_2.11" EAPOL_TIMEOUT_SEC="60" EXEC_TIMEOUT_SEC="90" RPS_SECOND_STATS="true" LOG_ALL_FAILURES="true" K6_WEB_DASHBOARD="true" k6-exec run radius_load_tls.js | BC40: 10 | BD40: 10 | BE40: 10000 | BF40: 3 | BG40: 8 | BH40: 48 | BI40: 120
A41: 33 | B41: 2025-11-11 17:22:06 | C41: EAP-TLS | D41: 60s@40,60s@70,60s@100,60s@130,60s@0 | E41: 2025-11-11 17:17:06 | F41: 2025-11-11 17:22:06 | G41: 130 | H41: 164998.18 | I41: 0.5419 | J41: 0.097 | K41: 5.6238 | L41: 894.4531 | M41: 0 | N41: 0 | O41: 103.66 | P41: 109.764 | Q41: 100.9151 | R41: 2500 | S41: 150 | T41: 3000 | U41: 300 | V41: 404 | W41: 20362 | X41: 0 | Y41: 20360 | Z41: 99.9902 | AA41: 2 | AB41: =AA41/W41 -> 9.8222179e-05 | AC41: 0 | AD41: =AC41/W41 -> 0 | AE41: 0 | AF41: 0 | AG41: 504.86558 | AH41: 1604.95 | AI41: 11446 | AJ41: 683.74507 | AK41: 11947.973 | AL41: 9 | AM41: 182 | AN41: 20.22 | AO41: 1.6748 | AP41: 1674.8 | AQ41: 1517.4844 | AR41: 93.3 | AS41: 25.8 | AT41: 2094 | AU41: 1897 | AV41: 1089 | AW41: 986 | AY41: https://10.116.41.195/grafana/d/edo-radius-full/edo-radius3a-full-auth-acct-2b-kafka-2b-infra?orgId=1&from=1762870626029&to=1762870926045 | BB41: TLS_VUS="400" TLS_MAXVUS="1500" TLS_AVG_ITER_SEC="1.5" TLS_TIMEUNIT="1s" TLS_STAGES="60s@40,60s@70,60s@100,60s@130,60s@0" START_JITTER_SEC="2" SLEEP_JITTER_SEC="0.05" RADIUS_ADDRS="10.116.41.195" RADIUS_SECRET="cisco" EAPOL_NAS_IP_LIST="10.116.42.70,10.116.42.71,10.116.42.72,10.116.42.73,10.116.42.74,10.116.42.75,10.116.42.76,10.116.42.77,10.116.42.78,10.116.42.79" NAS_LOCK_WAIT_MS="20000" CA_CERT="./ROOT_WIN-AD.cer" TLS_PFX_DIR="./certs-eap-tls" TLS_PFX_EXT=".pfx" PRIVATE_KEY_PASS="12345" TLS_MAC_FILE="./macs.txt" CSV_PATH="./users-10.csv" RPS_FILE="./tls_rps_sec.log" ERROR_LOG="./tls_errors.log" EAPOL_BIN="./eapol_test_2.11" EAPOL_TIMEOUT_SEC="60" EXEC_TIMEOUT_SEC="90" RPS_SECOND_STATS="true" LOG_ALL_FAILURES="true" K6_WEB_DASHBOARD="true" k6-exec run radius_load_tls.js | BC41: 10 | BD41: 10 | BE41: 10000 | BF41: 3 | BG41: 8 | BH41: 48 | BI41: 120
A42: 34 | B42: 2025-11-11 17:44:38 | C42: EAP-TLS | D42: 20m@100 | E42: 2025-11-11 17:24:37 | F42: 2025-11-11 17:44:38 | G42: 100 | H42: 483663.27 | I42: 0.8422 | J42: 0.1143 | K42: 5.6238 | L42: 891.082 | M42: 0 | N42: 0 | O42: 103.6683 | P42: 109.764 | Q42: 100.9151 | R42: 2500 | S42: 150 | T42: 3000 | U42: 300 | V42: 400 | W42: 59999 | X42: 0 | Y42: 59993 | Z42: 99.99 | AA42: 6 | AB42: =AA42/W42 -> 0.00010000167 | AC42: 0 | AD42: =AC42/W42 -> 0 | AE42: 0 | AF42: 0 | AG42: 217.7238 | AH42: 419 | AI42: 11278 | AJ42: 280.32127 | AK42: 11369.798 | AL42: 9 | AM42: 131 | AN42: 14.56 | AO42: 1.6748 | AP42: 1674.8 | AQ42: 1507.332 | AR42: 87.2 | AS42: 31.1 | AT42: 2094 | AU42: 1884 | AV42: 1089 | AW42: 980 | AY42: https://10.116.41.195/grafana/d/edo-radius-full/edo-radius3a-full-auth-acct-2b-kafka-2b-infra?orgId=1&from=1762871077885&to=1762872278236 | BB42: TLS_VUS="400" TLS_MAXVUS="1500" TLS_AVG_ITER_SEC="1.5" TLS_TIMEUNIT="1s" TLS_STAGES="20m@100" START_JITTER_SEC="2" SLEEP_JITTER_SEC="0.05" RADIUS_ADDRS="10.116.41.195" RADIUS_SECRET="cisco" EAPOL_NAS_IP_LIST="10.116.42.70,10.116.42.71,10.116.42.72,10.116.42.73,10.116.42.74,10.116.42.75,10.116.42.76,10.116.42.77,10.116.42.78,10.116.42.79" NAS_LOCK_WAIT_MS="20000" CA_CERT="./ROOT_WIN-AD.cer" TLS_PFX_DIR="./certs-eap-tls" TLS_PFX_EXT=".pfx" PRIVATE_KEY_PASS="12345" TLS_MAC_FILE="./macs.txt" CSV_PATH="./users-10.csv" RPS_FILE="./tls_rps_sec.log" ERROR_LOG="./tls_errors.log" EAPOL_BIN="./eapol_test_2.11" EAPOL_TIMEOUT_SEC="60" EXEC_TIMEOUT_SEC="90" RPS_SECOND_STATS="true" LOG_ALL_FAILURES="true" K6_WEB_DASHBOARD="true" k6-exec run radius_load_tls.js | BC42: 10 | BD42: 10 | BE42: 10000 | BF42: 3 | BG42: 8 | BH42: 48 | BI42: 120
A43: 35 | B43: 2025-11-11 17:55:19 | C43: EAP-TLS | D43: 5m@130 | E43: 2025-11-11 17:50:18 | F43: 2025-11-11 17:55:19 | G43: 130 | H43: 159815.96 | I43: 0.7567 | J43: 0.137 | K43: 5.6988 | L43: 65.7695 | M43: 0 | N43: 0 | O43: 101.36 | P43: 105.6843 | Q43: 33.4242 | R43: 2500 | S43: 150 | T43: 3000 | U43: 300 | V43: 400 | W43: 19497 | X43: 0 | Y43: 19497 | Z43: 100 | AA43: 0 | AB43: =AA43/W43 -> 0 | AC43: 0 | AD43: =AC43/W43 -> 0 | AE43: 0 | AF43: 0 | AG43: 481.22234 | AH43: 1574.2 | AI43: 5841 | AJ43: 623.01527 | AK43: 6201.9438 | AL43: 9 | AM43: 199 | AN43: 22.11 | AO43: 1.6176 | AP43: 1617.6 | AQ43: 933.6992 | AR43: 86.4 | AS43: 31.6 | AT43: 2022 | AU43: 1167 | AV43: 1051 | AW43: 607 | AY43: https://10.116.41.195/grafana/d/edo-radius-full/edo-radius3a-full-auth-acct-2b-kafka-2b-infra?orgId=1&from=1762872618823&to=1762872919767 | BB43: TLS_VUS="400" TLS_MAXVUS="1500" TLS_AVG_ITER_SEC="1.5" TLS_TIMEUNIT="1s" TLS_STAGES="5m@130" START_JITTER_SEC="2" SLEEP_JITTER_SEC="0.05" RADIUS_ADDRS="10.116.41.195" RADIUS_SECRET="cisco" EAPOL_NAS_IP_LIST="10.116.42.70,10.116.42.71,10.116.42.72,10.116.42.73,10.116.42.74,10.116.42.75,10.116.42.76,10.116.42.77,10.116.42.78,10.116.42.79" NAS_LOCK_WAIT_MS="20000" CA_CERT="./ROOT_WIN-AD.cer" TLS_PFX_DIR="./certs-eap-tls" TLS_PFX_EXT=".pfx" PRIVATE_KEY_PASS="12345" TLS_MAC_FILE="./macs.txt" CSV_PATH="./users-10.csv" RPS_FILE="./tls_rps_sec.log" ERROR_LOG="./tls_errors.log" EAPOL_BIN="./eapol_test_2.11" EAPOL_TIMEOUT_SEC="60" EXEC_TIMEOUT_SEC="90" RPS_SECOND_STATS="true" LOG_ALL_FAILURES="true" K6_WEB_DASHBOARD="true" k6-exec run radius_load_tls.js | BC43: 10 | BD43: 10 | BE43: 10000 | BF43: 3 | BG43: 8 | BH43: 48 | BI43: 120
A44: 36 | B44: 2025-11-11 18:04:46 | C44: EAP-TLS | D44: 30s@160,3m@100,30s@0 | E44: 2025-11-11 18:00:43 | F44: 2025-11-11 18:04:46 | G44: 160 | H44: 196256.79 | I44: 2.4638 | J44: 0.7849 | K44: 6.2638 | L44: 128.8438 | M44: 0 | N44: 0 | O44: 101.96 | P44: 105.6843 | Q44: 282.8427 | R44: 2500 | S44: 150 | T44: 3000 | U44: 300 | V44: 925 | W44: 24385 | X44: 0 | Y44: 22371 | Z44: 91.7408 | AA44: 2014 | AB44: =AA44/W44 -> 0.082591757 | AC44: 0 | AD44: =AC44/W44 -> 0 | AE44: 0 | AF44: 0 | AG44: 2970.264 | AH44: 9629.4 | AI44: 25898 | AJ44: 4035.0798 | AK44: 35725.805 | AL44: 9 | AM44: 328 | AN44: 36.44 | AO44: 1.7745 | AP44: 1774.5 | AQ44: 1025.9453 | AR44: 94.6 | AS44: 32.6 | AT44: 2218 | AU44: 1282 | AV44: 1153 | AW44: 667 | AY44: https://10.116.41.195/grafana/d/edo-radius-full/edo-radius3a-full-auth-acct-2b-kafka-2b-infra?orgId=1&from=1762873243142&to=1762873486145 | BB44: TLS_VUS="700" TLS_MAXVUS="6000" TLS_AVG_ITER_SEC="1.5" TLS_TIMEUNIT="1s" TLS_STAGES="30s@160,3m@100,30s@0" START_JITTER_SEC="2" SLEEP_JITTER_SEC="0.05" RADIUS_ADDRS="10.116.41.195" RADIUS_SECRET="cisco" EAPOL_NAS_IP_LIST="10.116.42.70,10.116.42.71,10.116.42.72,10.116.42.73,10.116.42.74,10.116.42.75,10.116.42.76,10.116.42.77,10.116.42.78,10.116.42.79" NAS_IP_MAX_INFLIGHT="30" NAS_LOCK_WAIT_MS="60000" CA_CERT="./ROOT_WIN-AD.cer" TLS_PFX_DIR="./certs-eap-tls" TLS_PFX_EXT=".pfx" PRIVATE_KEY_PASS="12345" TLS_MAC_FILE="./macs.txt" CSV_PATH="./users-10.csv" RPS_FILE="./tls_rps_sec.log" ERROR_LOG="./tls_errors.log" EAPOL_BIN="./eapol_test_2.11" EAPOL_TIMEOUT_SEC="60" EXEC_TIMEOUT_SEC="90" RPS_SECOND_STATS="true" LOG_ALL_FAILURES="true" k6-exec run radius_load_tls.js | BC44: 10 | BD44: 10 | BE44: 10000 | BF44: 3 | BG44: 8 | BH44: 48 | BI44: 120
A45: 37 | B45: 2025-11-11 20:05:52 | C45: EAP-TLS | D45: 60s@40,60s@70,60s@100,60s@130,60s@0 | E45: 2025-11-11 20:00:39 | F45: 2025-11-11 20:05:52 | G45: 130 | H45: 91821.986 | I45: 35.8806 | J45: 10.2504 | K45: 3.7675 | L45: 776.3633 | M45: 0 | N45: 0 | O45: 170.0245 | P45: 170.4578 | Q45: 95.3647 | R45: 2500 | S45: 150 | T45: 3000 | U45: 300 | V45: 1305 | W45: 18827 | X45: 0 | Y45: 13801 | Z45: 73.3043 | AA45: 5026 | AB45: =AA45/W45 -> 0.26695703 | AC45: 149 | AD45: =AC45/W45 -> 0.0079141658 | AE45: 0 | AF45: 0 | AG45: 4906.2844 | AH45: 16161.9 | AI45: 61852 | AJ45: 5460.4684 | AK45: 64204.094 | AL45: 3 | AM45: 359 | AN45: 119.67 | AO45: 2.4013 | AP45: 2401.3 | AQ45: 1387.2422 | AR45: 90.8 | AS45: 21.4 | AT45: 3002 | AU45: 1734 | AV45: 1561 | AW45: 902 | AX45: Сильный дисбаланс по ядрам: 10.116.41.196:9100 22.6 10.116.41.197:9100 90.8 10.116.41.198:9100 55.5 | AY45: https://10.116.41.195/grafana/d/edo-radius-full/edo-radius3a-full-auth-acct-2b-kafka-2b-infra?orgId=1&from=1762880439497&to=1762880752196 | BB45: TLS_VUS="400" TLS_MAXVUS="1500" TLS_AVG_ITER_SEC="1.5" TLS_TIMEUNIT="1s" TLS_STAGES="60s@40,60s@70,60s@100,60s@130,60s@0" START_JITTER_SEC="2" SLEEP_JITTER_SEC="0.05" RADIUS_ADDRS="10.116.41.195" RADIUS_SECRET="cisco" EAPOL_NAS_IP_LIST="10.116.42.70,10.116.42.71,10.116.42.72,10.116.42.73,10.116.42.74,10.116.42.75,10.116.42.76,10.116.42.77,10.116.42.78,10.116.42.79" NAS_LOCK_WAIT_MS="20000" CA_CERT="./ROOT_WIN-AD.cer" TLS_PFX_DIR="./certs-eap-tls" TLS_PFX_EXT=".pfx" PRIVATE_KEY_PASS="12345" TLS_MAC_FILE="./macs.txt" CSV_PATH="./users-10.csv" RPS_FILE="./tls_rps_sec.log" ERROR_LOG="./tls_errors.log" EAPOL_BIN="./eapol_test_2.11" EAPOL_TIMEOUT_SEC="60" EXEC_TIMEOUT_SEC="90" RPS_SECOND_STATS="true" LOG_ALL_FAILURES="true" K6_WEB_DASHBOARD="true" k6-exec run radius_load_tls.js | BC45: 10 | BD45: 10 | BE45: 10000 | BF45: 3 | BG45: 8 | BH45: 64 | BI45: 120
A46: 38 | B46: 2025-11-11 20:14:29 | C46: EAP-TLS | D46: 5m@130 | E46: 2025-11-11 20:08:52 | F46: 2025-11-11 20:14:29 | G46: 130 | H46: 95951.871 | I46: 35.8522 | J46: 20.585 | K46: 5.12 | L46: 776.3633 | M46: 0 | N46: 0 | O46: 177.4 | P46: 207.1284 | Q46: 137.0376 | R46: 2500 | S46: 150 | T46: 3000 | U46: 300 | V46: 1165 | W46: 17841 | X46: 0 | Y46: 14534 | Z46: 81.464 | AA46: 3307 | AB46: =AA46/W46 -> 0.18535957 | AC46: 67 | AD46: =AC46/W46 -> 0.0037553949 | AE46: 0 | AF46: 0 | AG46: 3577.6379 | AH46: 14124 | AI46: 60137 | AJ46: 3998.6696 | AK46: 60522.109 | AL46: 3 | AM46: 346 | AN46: 115.33 | AO46: 2.4412 | AP46: 2441.2 | AQ46: 1455.2656 | AR46: 90.8 | AS46: 22.4 | AT46: 3052 | AU46: 1819 | AV46: 1587 | AW46: 946 | AX46: Загрузка ноды с БД больше - 24% | AY46: https://10.116.41.195/grafana/d/edo-radius-full/edo-radius3a-full-auth-acct-2b-kafka-2b-infra?orgId=1&from=1762880932033&to=1762881269186 | BB46: TLS_VUS="400" TLS_MAXVUS="1500" TLS_AVG_ITER_SEC="1.5" TLS_TIMEUNIT="1s" TLS_STAGES="5m@130" START_JITTER_SEC="2" SLEEP_JITTER_SEC="0.05" RADIUS_ADDRS="10.116.41.195" RADIUS_SECRET="cisco" EAPOL_NAS_IP_LIST="10.116.42.70,10.116.42.71,10.116.42.72,10.116.42.73,10.116.42.74,10.116.42.75,10.116.42.76,10.116.42.77,10.116.42.78,10.116.42.79" NAS_LOCK_WAIT_MS="20000" CA_CERT="./ROOT_WIN-AD.cer" TLS_PFX_DIR="./certs-eap-tls" TLS_PFX_EXT=".pfx" PRIVATE_KEY_PASS="12345" TLS_MAC_FILE="./macs.txt" CSV_PATH="./users-10.csv" RPS_FILE="./tls_rps_sec.log" ERROR_LOG="./tls_errors.log" EAPOL_BIN="./eapol_test_2.11" EAPOL_TIMEOUT_SEC="60" EXEC_TIMEOUT_SEC="90" RPS_SECOND_STATS="true" LOG_ALL_FAILURES="true" K6_WEB_DASHBOARD="true" k6-exec run radius_load_tls.js | BC46: 10 | BD46: 10 | BE46: 10000 | BF46: 3 | BG46: 8 | BH46: 64 | BI46: 120
A47: 39 | B47: 2025-11-11 20:37:52 | C47: EAP-TLS | D47: 20m@100 | E47: 2025-11-11 20:17:28 | F47: 2025-11-11 20:37:52 | G47: 100 | H47: 407540.23 | I47: 27.376 | J47: 15.5936 | K47: 5.12 | L47: 1125.7812 | M47: 0 | N47: 0 | O47: 209.06 | P47: 238.1002 | Q47: 141.4214 | R47: 2500 | S47: 150 | T47: 3000 | U47: 300 | V47: 1093 | W47: 58897 | X47: 0 | Y47: 53938 | Z47: 91.5802 | AA47: 4959 | AB47: =AA47/W47 -> 0.084197837 | AC47: 173 | AD47: =AC47/W47 -> 0.0029373313 | AE47: 0 | AF47: 0 | AG47: 2280.138 | AH47: 10406 | AI47: 61002 | AJ47: 2426.1957 | AK47: 67896.37 | AL47: 3 | AM47: 483 | AN47: 161 | AO47: 2.4987 | AP47: 2498.7 | AQ47: 1894.668 | AR47: 91.3 | AS47: 25.6 | AT47: 3123 | AU47: 2368 | AV47: 1624 | AW47: 1232 | AX47: сильный дисбаланс по использованию ядер | AY47: https://10.116.41.195/grafana/d/edo-radius-full/edo-radius3a-full-auth-acct-2b-kafka-2b-infra?orgId=1&from=1762881448027&to=1762882672572 | BC47: 10 | BD47: 10 | BE47: 10000 | BF47: 3 | BG47: 8 | BH47: 64 | BI47: 120
A48: 40 | B48: 2025-11-11 20:44:21 | C48: EAP-TLS | D48: 30s@160,3m@100,30s@0 | E48: 2025-11-11 20:39:37 | F48: 2025-11-11 20:44:21 | G48: 160 | H48: 64399.744 | I48: 66.4179 | J48: 45.4282 | K48: 4.445 | L48: 849.1445 | M48: 0 | N48: 0 | O48: 208.4016 | P48: 238.1002 | Q48: 138.9122 | R48: 2500 | S48: 150 | T48: 3000 | U48: 300 | V48: 1500 | W48: 21976 | X48: 0 | Y48: 8947 | Z48: 40.7126 | AA48: 13029 | AB48: =AA48/W48 -> 0.59287404 | AC48: 785 | AD48: =AC48/W48 -> 0.035720786 | AE48: 0 | AF48: 0 | AG48: 9680.5996 | AH48: 27925.25 | AI48: 62398 | AJ48: 11211.973 | AK48: 68404.888 | AL48: 3 | AM48: 466 | AN48: 155.33 | AO48: 2.4987 | AP48: 2498.7 | AQ48: 1940.3633 | AR48: 88.6 | AS48: 25.5 | AT48: 3123 | AU48: 2425 | AV48: 1624 | AW48: 1261 | AY48: https://10.116.41.195/grafana/d/edo-radius-full/edo-radius3a-full-auth-acct-2b-kafka-2b-infra?orgId=1&from=1762882777227&to=1762883061019 | BC48: 10 | BD48: 10 | BE48: 10000 | BF48: 3 | BG48: 8 | BH48: 64 | BI48: 120
A49: 41 | B49: 2025-11-12 00:11:21 | C49: EAP-TLS | D49: 60s@40,60s@70,60s@100,60s@130,60s@0 | E49: 2025-11-12 00:06:21 | F49: 2025-11-12 00:11:21 | G49: 130 | H49: 165830.83 | I49: 11.9734 | J49: 1.7567 | K49: 4.0475 | L49: 149.8828 | M49: 0 | N49: 0 | O49: 154.35 | P49: 163.1348 | Q49: 41.9533 | R49: 2500 | S49: 150 | T49: 3000 | U49: 300 | V49: 400 | W49: 20399 | X49: 0 | Y49: 20398 | Z49: 99.9951 | AA49: 1 | AB49: =AA49/W49 -> 4.9022011e-05 | AC49: 0 | AD49: =AC49/W49 -> 0 | AE49: 0 | AF49: 0 | AG49: 317.02108 | AH49: 729 | AI49: 11582 | AJ49: 419.55336 | AK49: 11795.978 | AL49: 6 | AM49: 153 | AN49: 25.5 | AO49: 2.3484 | AP49: 2348.4 | AQ49: 1033.2188 | AR49: 87.7 | AS49: 24 | AT49: 2936 | AU49: 1292 | AV49: 1526 | AW49: 672 | AY49: https://10.116.41.195/grafana/d/edo-radius-full/edo-radius3a-full-auth-acct-2b-kafka-2b-infra?orgId=1&from=1762895181398&to=1762895481425 | BC49: 10 | BD49: 10 | BE49: 10000 | BF49: 3 | BG49: 8 | BH49: 64 | BI49: 120
A50: 42 | B50: 2025-11-12 00:28:15 | C50: EAP-TLS | D50: 5m@130 | E50: 2025-11-12 00:23:15 | F50: 2025-11-12 00:28:15 | G50: 130 | H50: 159801.67 | I50: 10.4489 | J50: 1.293 | K50: 3.78 | L50: 68.7422 | M50: 0 | N50: 0 | O50: 152.1717 | P50: 160.595 | Q50: 28.8332 | R50: 2500 | S50: 150 | T50: 3000 | U50: 300 | V50: 400 | W50: 19499 | X50: 0 | Y50: 19499 | Z50: 100 | AA50: 0 | AB50: =AA50/W50 -> 0 | AC50: 0 | AD50: =AC50/W50 -> 0 | AE50: 0 | AF50: 0 | AG50: 264.86799 | AH50: 579 | AI50: 5284 | AJ50: 361.46119 | AK50: 5479.4397 | AL50: 6 | AM50: 160 | AN50: 26.67 | AO50: 2.1434 | AP50: 2143.4 | AQ50: 1038.1953 | AR50: 84.4 | AS50: 24.1 | AT50: 2679 | AU50: 1298 | AV50: 1393 | AW50: 675 | AY50: https://10.116.41.195/grafana/d/edo-radius-full/edo-radius3a-full-auth-acct-2b-kafka-2b-infra?orgId=1&from=1762896195270&to=1762896495712 | BC50: 10 | BD50: 10 | BE50: 10000 | BF50: 3 | BG50: 8 | BH50: 64 | BI50: 120
A51: 43 | B51: 2025-11-12 00:52:02 | C51: EAP-TLS | D51: 20m@100 | E51: 2025-11-12 00:32:02 | F51: 2025-11-12 00:52:02 | G51: 100 | H51: 483711.48 | I51: 5.8458 | J51: 1.6466 | K51: 4.1125 | L51: 154.4922 | M51: 0 | N51: 0 | O51: 159.8768 | P51: 161.58 | Q51: 197.9899 | R51: 2500 | S51: 150 | T51: 3000 | U51: 300 | V51: 400 | W51: 59999 | X51: 0 | Y51: 59992 | Z51: 99.9883 | AA51: 7 | AB51: =AA51/W51 -> 0.00011666861 | AC51: 0 | AD51: =AC51/W51 -> 0 | AE51: 0 | AF51: 0 | AG51: 200.32887 | AH51: 366 | AI51: 11196 | AJ51: 261.85633 | AK51: 11261.403 | AL51: 6 | AM51: 119 | AN51: 19.83 | AO51: 2.3484 | AP51: 2348.4 | AQ51: 1042.7578 | AR51: 85.4 | AS51: 24.2 | AT51: 2936 | AU51: 1303 | AV51: 1526 | AW51: 678 | AY51: https://10.116.41.195/grafana/d/edo-radius-full/edo-radius3a-full-auth-acct-2b-kafka-2b-infra?orgId=1&from=1762896722202&to=1762897922533 | BC51: 10 | BD51: 10 | BE51: 10000 | BF51: 3 | BG51: 8 | BH51: 64 | BI51: 120
A52: 44 | B52: 2025-11-12 01:02:26 | C52: EAP-TLS | D52: 30s@160,3m@100,30s@0 | E52: 2025-11-12 00:58:26 | F52: 2025-11-12 01:02:26 | G52: 160 | H52: 206621.29 | I52: 23.7021 | J52: 6.0835 | K52: 5.0375 | L52: 174.375 | M52: 0 | N52: 0 | O52: 170.6495 | P52: 180.3433 | Q52: 141.4214 | R52: 2500 | S52: 150 | T52: 3000 | U52: 300 | V52: 454 | W52: 25525 | X52: 0 | Y52: 25428 | Z52: 99.62 | AA52: 97 | AB52: =AA52/W52 -> 0.0038001959 | AC52: 0 | AD52: =AC52/W52 -> 0 | AE52: 0 | AF52: 0 | AG52: 1131.2138 | AH52: 2823.8 | AI52: 13620 | AJ52: 1826.4178 | AK52: 16605.856 | AL52: 6 | AM52: 262 | AN52: 43.67 | AO52: 2.2948 | AP52: 2294.8 | AQ52: 1127.4102 | AR52: 91.7 | AS52: 24.9 | AT52: 2869 | AU52: 1409 | AV52: 1492 | AW52: 733 | AX52: загрузка ноды с БД по памяти еще больше: 10.116.41.199:9100 26.6 | AY52: https://10.116.41.195/grafana/d/edo-radius-full/edo-radius3a-full-auth-acct-2b-kafka-2b-infra?orgId=1&from=1762898306500&to=1762898546523 | BC52: 10 | BD52: 10 | BE52: 10000 | BF52: 3 | BG52: 8 | BH52: 64 | BI52: 120
A53: 45 | B53: 2025-11-12 01:28:36 | C53: EAP-TLS | D53: 60s@40,60s@70,60s@100,60s@130,60s@0 | E53: 2025-11-12 01:23:36 | F53: 2025-11-12 01:28:36 | G53: 130 | H53: 166935.61 | I53: 3.2697 | J53: 0.3541 | K53: 5.2213 | L53: 122.4141 | M53: 0 | N53: 0 | O53: 133.0439 | P53: 138.9902 | Q53: 92.4263 | R53: 2500 | S53: 150 | T53: 3000 | U53: 300 | V53: 400 | W53: 20399 | X53: 0 | Y53: 20386 | Z53: 99.9363 | AA53: 13 | AB53: =AA53/W53 -> 0.00063728614 | AC53: 0 | AD53: =AC53/W53 -> 0 | AE53: 0 | AF53: 0 | AG53: 364.40953 | AH53: 1050 | AI53: 3674 | AJ53: 486.92723 | AK53: 3780.6588 | AL53: 9 | AM53: 180 | AN53: 20 | AO53: 1.9146 | AP53: 1914.6 | AQ53: 1036.7422 | AR53: 91.5 | AS53: 25.7 | AT53: 2393 | AU53: 1296 | AV53: 1244 | AW53: 674 | AY53: https://10.116.41.195/grafana/d/edo-radius-full/edo-radius3a-full-auth-acct-2b-kafka-2b-infra?orgId=1&from=1762899816359&to=1762900116378 | BC53: 10 | BD53: 10 | BE53: 10000 | BF53: 3 | BG53: 8 | BH53: 64 | BI53: 120
A54: 46 | B54: 2025-11-12 01:45:38 | C54: EAP-TLS | D54: 5m@130 | E54: 2025-11-12 01:40:35 | F54: 2025-11-12 01:45:38 | G54: 130 | H54: 160516.22 | I54: 0.7706 | J54: 0.0868 | K54: 4.9113 | L54: 19.1719 | M54: 0 | N54: 0 | O54: 95.92 | P54: 101.7577 | Q54: 113.1371 | R54: 2500 | S54: 150 | T54: 3000 | U54: 300 | V54: 400 | W54: 19498 | X54: 0 | Y54: 19493 | Z54: 99.9744 | AA54: 5 | AB54: =AA54/W54 -> 0.00025643656 | AC54: 0 | AD54: =AC54/W54 -> 0 | AE54: 0 | AF54: 0 | AG54: 418.09442 | AH54: 1260.15 | AI54: 11551 | AJ54: 545.31406 | AK54: 11655.109 | AL54: 9 | AM54: 187 | AN54: 20.78 | AO54: 1.6902 | AP54: 1690.2 | AQ54: 991.1328 | AR54: 90.2 | AS54: 25.7 | AT54: 2113 | AU54: 1239 | AV54: 1099 | AW54: 644 | AY54: https://10.116.41.195/grafana/d/edo-radius-full/edo-radius3a-full-auth-acct-2b-kafka-2b-infra?orgId=1&from=1762900835893&to=1762901138708 | BC54: 10 | BD54: 10 | BE54: 10000 | BF54: 3 | BG54: 8 | BH54: 64 | BI54: 120
A55: 47 | B55: 2025-11-12 02:07:14 | C55: EAP-TLS | D55: 20m@100 | E55: 2025-11-12 01:47:13 | F55: 2025-11-12 02:07:14 | G55: 100 | H55: 483227.35 | I55: 1.1953 | J55: 0.1581 | K55: 5.2875 | L55: 90.4414 | M55: 0 | N55: 0 | O55: 131.72 | P55: 138.8712 | Q55: 113.1371 | R55: 2500 | S55: 150 | T55: 3000 | U55: 300 | V55: 400 | W55: 59999 | X55: 0 | Y55: 59998 | Z55: 99.9983 | AA55: 1 | AB55: =AA55/W55 -> 1.6666944e-05 | AC55: 0 | AD55: =AC55/W55 -> 0 | AE55: 0 | AF55: 0 | AG55: 200.88808 | AH55: 379 | AI55: 11186 | AJ55: 261.84041 | AK55: 11227.329 | AL55: 9 | AM55: 117 | AN55: 13 | AO55: 1.9146 | AP55: 1914.6 | AQ55: 1005.3633 | AR55: 88.4 | AS55: 26.2 | AT55: 2393 | AU55: 1257 | AV55: 1244 | AW55: 653 | AY55: https://10.116.41.195/grafana/d/edo-radius-full/edo-radius3a-full-auth-acct-2b-kafka-2b-infra?orgId=1&from=1762901233892&to=1762902434220 | BC55: 10 | BD55: 10 | BE55: 10000 | BF55: 3 | BG55: 8 | BH55: 64 | BI55: 120
A56: 48 | B56: 2025-11-12 02:14:40 | C56: EAP-TLS | D56: 30s@160,3m@100,30s@0 | E56: 2025-11-12 02:10:40 | F56: 2025-11-12 02:14:40 | G56: 160 | H56: 209917.23 | I56: 1.4987 | J56: 0.3147 | K56: 8.005 | L56: 86.9453 | M56: 0 | N56: 0 | O56: 115.6324 | P56: 118.1339 | Q56: 91.301 | R56: 2500 | S56: 150 | T56: 3000 | U56: 300 | V56: 585 | W56: 25608 | X56: 0 | Y56: 25432 | Z56: 99.3127 | AA56: 176 | AB56: =AA56/W56 -> 0.0068728522 | AC56: 0 | AD56: =AC56/W56 -> 0 | AE56: 0 | AF56: 0 | AG56: 1238.3098 | AH56: 3511.65 | AI56: 14577 | AJ56: 1792.2509 | AK56: 19958.96 | AL56: 9 | AM56: 249 | AN56: 27.67 | AO56: 1.7449 | AP56: 1744.9 | AQ56: 1054.1484 | AR56: 95.3 | AS56: 28.2 | AT56: 2181 | AU56: 1318 | AV56: 1134 | AW56: 685 | AY56: https://10.116.41.195/grafana/d/edo-radius-full/edo-radius3a-full-auth-acct-2b-kafka-2b-infra?orgId=1&from=1762902640202&to=1762902880223 | BC56: 10 | BD56: 10 | BE56: 10000 | BF56: 3 | BG56: 8 | BH56: 64 | BI56: 120
A57: 49 | B57: 2025-11-12 12:28:33 | C57: EAP-TLS | D57: 60s@40,60s@70,60s@100,60s@130,60s@0 | E57: 2025-11-12 12:23:32 | F57: 2025-11-12 12:28:33 | G57: 130 | H57: 104814.84 | I57: 54.6559 | J57: 17.1638 | K57: 1.8342 | L57: 376.4219 | M57: 0 | N57: 0 | O57: 184.8485 | P57: 202.9669 | Q57: 140.5936 | R57: 2500 | S57: 150 | T57: 3000 | U57: 300 | V57: 1206 | W57: 18571 | X57: 0 | Y57: 13424 | Z57: 72.2847 | AA57: 5147 | AB57: =AA57/W57 -> 0.27715255 | AC57: 3 | AD57: =AC57/W57 -> 0.00016154219 | AE57: 0 | AF57: 0 | AG57: 4596.7962 | AH57: 15770 | AI57: 60030 | AJ57: 5157.9243 | AK57: 61061.676 | AL57: 3 | AM57: 348 | AN57: 116 | AO57: 2.5029 | AP57: 2502.9 | AQ57: 1239.1953 | AT57: 3129 | AU57: 1549 | AV57: 1627 | AW57: 805 | AY57: https://10.116.41.195/grafana/d/edo-radius-full/edo-radius3a-full-auth-acct-2b-kafka-2b-infra?orgId=1&from=1762939412977&to=1762939713012 | BC57: 10 | BD57: 10 | BE57: 10000 | BF57: 3 | BG57: 12 | BH57: 16 | BI57: 120
A58: 50 | B58: 2025-11-12 12:38:22 | C58: EAP-TLS | D58: 5m@130 | E58: 2025-11-12 12:32:39 | F58: 2025-11-12 12:38:22 | G58: 130 | H58: 119233.76 | I58: 49.1236 | J58: 29.8995 | K58: 1.8342 | L58: 407.0234 | M58: 0 | N58: 0 | O58: 190.32 | P58: 205.4475 | Q58: 139.7639 | R58: 2500 | S58: 150 | T58: 3000 | U58: 300 | V58: 1395 | W58: 17749 | X58: 0 | Y58: 12951 | Z58: 72.9675 | AA58: 4798 | AB58: =AA58/W58 -> 0.27032509 | AC58: 175 | AD58: =AC58/W58 -> 0.0098597104 | AE58: 0 | AF58: 0 | AG58: 4780.2068 | AH58: 17350.4 | AI58: 60076 | AJ58: 5102.4834 | AK58: 62041.702 | AL58: 3 | AM58: 248 | AN58: 82.67 | AO58: 2.5017 | AP58: 2501.7 | AQ58: 1239.1953 | AT58: 3127 | AU58: 1549 | AV58: 1626 | AW58: 805 | AY58: https://10.116.41.195/grafana/d/edo-radius-full/edo-radius3a-full-auth-acct-2b-kafka-2b-infra?orgId=1&from=1762939959667&to=1762940302183 | BC58: 10 | BD58: 10 | BE58: 10000 | BF58: 3 | BG58: 12 | BH58: 16 | BI58: 120
A59: 51 | B59: 2025-11-12 13:03:04 | C59: EAP-TLS | D59: 20m@100 | E59: 2025-11-12 12:42:28 | F59: 2025-11-12 13:03:04 | G59: 100 | H59: 389382.25 | I59: 51.8175 | J59: 24.7118 | K59: 1.8342 | L59: 518.8984 | M59: 0 | N59: 0 | O59: 218.98 | P59: 223.786 | Q59: 141.4214 | R59: 2500 | S59: 150 | T59: 3000 | U59: 300 | V59: 1058 | W59: 59056 | X59: 0 | Y59: 53532 | Z59: 90.6462 | AA59: 5524 | AB59: =AA59/W59 -> 0.093538336 | AC59: 244 | AD59: =AC59/W59 -> 0.0041316716 | AE59: 0 | AF59: 0 | AG59: 2474.6989 | AH59: 10629 | AI59: 60259 | AJ59: 2586.2297 | AK59: 63549.824 | AL59: 3 | AM59: 268 | AN59: 89.33 | AO59: 2.5017 | AP59: 2501.7 | AQ59: 1284.7148 | AT59: 3127 | AU59: 1606 | AV59: 1626 | AW59: 835 | AY59: https://10.116.41.195/grafana/d/edo-radius-full/edo-radius3a-full-auth-acct-2b-kafka-2b-infra?orgId=1&from=1762940548623&to=1762941784228 | BC59: 10 | BD59: 10 | BE59: 10000 | BF59: 3 | BG59: 12 | BH59: 16 | BI59: 120
A60: 52 | B60: 2025-11-12 13:11:11 | C60: EAP-TLS | D60: 30s@160,3m@100,30s@0 | E60: 2025-11-12 13:06:48 | F60: 2025-11-12 13:11:11 | G60: 160 | H60: 83077.603 | I60: 62.8036 | J60: 40.8988 | K60: 1.06 | L60: 397.3633 | M60: 0 | N60: 0 | O60: 218.98 | P60: 225.258 | Q60: 141.4214 | R60: 2500 | S60: 150 | T60: 3000 | U60: 300 | V60: 1500 | W60: 22010 | X60: 0 | Y60: 6696 | Z60: 30.4225 | AA60: 15314 | AB60: =AA60/W60 -> 0.69577465 | AC60: 582 | AD60: =AC60/W60 -> 0.026442526 | AE60: 0 | AF60: 0 | AG60: 10204.127 | AH60: 26851.95 | AI60: 61040 | AJ60: 12176.197 | AK60: 75313.432 | AL60: 3 | AM60: 385 | AN60: 128.33 | AO60: 2.5025 | AP60: 2502.5 | AQ60: 1297.2695 | AT60: 3128 | AU60: 1622 | AV60: 1627 | AW60: 843 | AY60: https://10.116.41.195/grafana/d/edo-radius-full/edo-radius3a-full-auth-acct-2b-kafka-2b-infra?orgId=1&from=1762942008410&to=1762942271079 | BC60: 10 | BD60: 10 | BE60: 10000 | BF60: 3 | BG60: 12 | BH60: 16 | BI60: 120
A61: 53 | B61: 2025-11-12 11:29:38 | C61: EAP-TLS | D61: 60s@40,60s@70,60s@100,60s@130,60s@0 | E61: 2025-11-12 11:24:38 | F61: 2025-11-12 11:29:38 | G61: 130 | H61: 167314.68 | I61: 22.2394 | J61: 4.9636 | K61: 1.2467 | L61: 38.9102 | M61: 0 | N61: 0 | O61: 158.88 | P61: 161.4824 | Q61: 151.8592 | R61: 2500 | S61: 150 | T61: 3000 | U61: 300 | V61: 400 | W61: 20399 | X61: 0 | Y61: 20399 | Z61: 100 | AA61: 0 | AB61: =AA61/W61 -> 0 | AC61: 0 | AD61: =AC61/W61 -> 0 | AE61: 0 | AF61: 0 | AG61: 244.75298 | AH61: 449.1 | AI61: 6075 | AJ61: 360.66534 | AK61: 6185.0774 | AL61: 6 | AM61: 155 | AN61: 25.83 | AO61: 2.3092 | AP61: 2309.2 | AQ61: 825.3594 | AR61: 64.4 | AS61: 82 | AT61: 2887 | AU61: 1032 | AV61: 1501 | AW61: 536 | AY61: https://10.116.41.195/grafana/d/edo-radius-full/edo-radius3a-full-auth-acct-2b-kafka-2b-infra?orgId=1&from=1762935878904&to=1762936178922 | BC61: 10 | BD61: 10 | BE61: 10000 | BF61: 3 | BG61: 12 | BH61: 16 | BI61: 120
A62: 54 | B62: 2025-11-12 11:37:42 | C62: EAP-TLS | D62: 5m@130 | E62: 2025-11-12 11:32:41 | F62: 2025-11-12 11:37:42 | G62: 130 | H62: 159645.28 | I62: 22.2681 | J62: 9.4607 | K62: 1.2467 | L62: 40.707 | M62: 0 | N62: 0 | O62: 158.33 | P62: 162.155 | Q62: 175.4993 | R62: 2500 | S62: 150 | T62: 3000 | U62: 300 | V62: 400 | W62: 19492 | X62: 0 | Y62: 19492 | Z62: 100 | AA62: 0 | AB62: =AA62/W62 -> 0 | AC62: 0 | AD62: =AC62/W62 -> 0 | AE62: 0 | AF62: 0 | AG62: 269.91904 | AH62: 542 | AI62: 9204 | AJ62: 398.86854 | AK62: 9295.1526 | AL62: 6 | AM62: 171 | AN62: 28.5 | AO62: 2.3579 | AP62: 2357.9 | AQ62: 825.3594 | AR62: 59 | AS62: 82.6 | AT62: 2947 | AU62: 1032 | AV62: 1533 | AW62: 536 | AY62: https://10.116.41.195/grafana/d/edo-radius-full/edo-radius3a-full-auth-acct-2b-kafka-2b-infra?orgId=1&from=1762936361850&to=1762936662761 | BC62: 10 | BD62: 10 | BE62: 10000 | BF62: 3 | BG62: 12 | BH62: 16 | BI62: 120
A63: 55 | B63: 2025-11-12 12:05:15 | C63: EAP-TLS | D63: 20m@100 | E63: 2025-11-12 11:45:14 | F63: 2025-11-12 12:05:15 | G63: 100 | H63: 484090.03 | I63: 13.4763 | J63: 5.1273 | K63: 1.2467 | L63: 60.625 | M63: 0 | N63: 0 | O63: 160.42 | P63: 161.4824 | Q63: 223.6068 | R63: 2500 | S63: 150 | T63: 3000 | U63: 300 | V63: 400 | W63: 59999 | X63: 0 | Y63: 59994 | Z63: 99.9917 | AA63: 5 | AB63: =AA63/W63 -> 8.3334722e-05 | AC63: 0 | AD63: =AC63/W63 -> 0 | AE63: 0 | AF63: 0 | AG63: 164.07285 | AH63: 224 | AI63: 11204 | AJ63: 226.74517 | AK63: 11317.371 | AL63: 6 | AM63: 111 | AN63: 18.5 | AO63: 2.333 | AP63: 2333 | AQ63: 836.9805 | AT63: 2916 | AU63: 1046 | AV63: 1516 | AW63: 544 | AY63: https://10.116.41.195/grafana/d/edo-radius-full/edo-radius3a-full-auth-acct-2b-kafka-2b-infra?orgId=1&from=1762937114936&to=1762938315250 | BC63: 10 | BD63: 10 | BE63: 10000 | BF63: 3 | BG63: 12 | BH63: 16 | BI63: 120
A64: 56 | B64: 2025-11-12 12:14:33 | C64: EAP-TLS | D64: 30s@160,3m@100,30s@0 | E64: 2025-11-12 12:10:33 | F64: 2025-11-12 12:14:33 | G64: 160 | H64: 209011.89 | I64: 43.3686 | J64: 16.7265 | K64: 1.4983 | L64: 93.3359 | M64: 0 | N64: 0 | O64: 170.4766 | P64: 173.925 | Q64: 66.3083 | R64: 2500 | S64: 150 | T64: 3000 | U64: 300 | V64: 449 | W64: 25397 | X64: 0 | Y64: 25397 | Z64: 100 | AA64: 0 | AB64: =AA64/W64 -> 0 | AC64: 0 | AD64: =AC64/W64 -> 0 | AE64: 0 | AF64: 0 | AG64: 657.85112 | AH64: 1482.2 | AI64: 7156 | AJ64: 1481.9009 | AK64: 9311.6553 | AL64: 6 | AM64: 335 | AN64: 55.83 | AO64: 2.3365 | AP64: 2336.5 | AQ64: 930.0898 | AT64: 2921 | AU64: 1163 | AV64: 1519 | AW64: 605 | AY64: https://10.116.41.195/grafana/d/edo-radius-full/edo-radius3a-full-auth-acct-2b-kafka-2b-infra?orgId=1&from=1762938633393&to=1762938873422 | BC64: 10 | BD64: 10 | BE64: 10000 | BF64: 3 | BG64: 12 | BH64: 16 | BI64: 120
A65: 57 | B65: 2025-11-12 10:25:19 | C65: EAP-TLS | D65: 60s@40,60s@70,60s@100,60s@130,60s@0 | E65: 2025-11-12 10:20:19 | F65: 2025-11-12 10:25:19 | G65: 130 | H65: 167191.76 | I65: 5.7847 | J65: 0.9717 | K65: 1.0467 | L65: 56.1055 | M65: 0 | N65: 0 | O65: 103.6 | P65: 106.932 | Q65: 20.5977 | R65: 2500 | S65: 150 | T65: 3000 | U65: 300 | V65: 400 | W65: 20399 | X65: 0 | Y65: 20397 | Z65: 99.9902 | AA65: 2 | AB65: =AA65/W65 -> 9.8044022e-05 | AC65: 0 | AD65: =AC65/W65 -> 0 | AE65: 0 | AF65: 0 | AG65: 179.34742 | AH65: 266 | AI65: 11262 | AJ65: 271.86998 | AK65: 11397.158 | AL65: 9 | AM65: 145 | AN65: 16.11 | AO65: 1.8028 | AP65: 1802.8 | AQ65: 756.832 | AR65: 64.7 | AS65: 84.4 | AT65: 2254 | AU65: 946 | AV65: 1172 | AW65: 492 | AY65: https://10.116.41.195/grafana/d/edo-radius-full/edo-radius3a-full-auth-acct-2b-kafka-2b-infra?orgId=1&from=1762932019508&to=1762932319525 | BC65: 10 | BD65: 10 | BE65: 10000 | BF65: 3 | BG65: 12 | BH65: 16 | BI65: 120
A66: 58 | B66: 2025-11-12 10:36:14 | C66: EAP-TLS | D66: 5m@130 | E66: 2025-11-12 10:31:13 | F66: 2025-11-12 10:36:14 | G66: 130 | H66: 158859.19 | I66: 5.177 | J66: 0.877 | K66: 1.2942 | L66: 44.4688 | M66: 0 | N66: 0 | O66: 103 | P66: 106.932 | Q66: 25.8161 | R66: 2500 | S66: 150 | T66: 3000 | U66: 300 | V66: 401 | W66: 19437 | X66: 0 | Y66: 19436 | Z66: 99.9949 | AA66: 1 | AB66: =AA66/W66 -> 5.1448269e-05 | AC66: 0 | AD66: =AC66/W66 -> 0 | AE66: 0 | AF66: 0 | AG66: 246.2435 | AH66: 676 | AI66: 11164 | AJ66: 445.85725 | AK66: 11267.669 | AL66: 9 | AM66: 187 | AN66: 20.78 | AO66: 1.846 | AP66: 1846 | AQ66: 766.3516 | AR66: 61.8 | AS66: 85.2 | AT66: 2308 | AU66: 958 | AV66: 1200 | AW66: 498 | AY66: https://10.116.41.195/grafana/d/edo-radius-full/edo-radius3a-full-auth-acct-2b-kafka-2b-infra?orgId=1&from=1762932673523&to=1762932974744 | BC66: 10 | BD66: 10 | BE66: 10000 | BF66: 3 | BG66: 12 | BH66: 16 | BI66: 120
A67: 59 | B67: 2025-11-12 11:03:17 | C67: EAP-TLS | D67: 20m@100 | E67: 2025-11-12 10:43:16 | F67: 2025-11-12 11:03:17 | G67: 100 | H67: 484109.19 | I67: 3.3652 | J67: 0.8407 | K67: 1.4783 | L67: 56.1055 | M67: 0 | N67: 0 | O67: 104.8 | P67: 107.028 | Q67: 49.2376 | R67: 2500 | S67: 150 | T67: 3000 | U67: 300 | V67: 400 | W67: 59999 | X67: 0 | Y67: 59997 | Z67: 99.9967 | AA67: 2 | AB67: =AA67/W67 -> 3.3333889e-05 | AC67: 0 | AD67: =AC67/W67 -> 0 | AE67: 0 | AF67: 0 | AG67: 153.91905 | AH67: 192 | AI67: 11145 | AJ67: 215.36619 | AK67: 11231.32 | AL67: 9 | AM67: 110 | AN67: 12.22 | AO67: 1.846 | AP67: 1846 | AQ67: 800.9648 | AR67: 60.5 | AS67: 84.2 | AT67: 2308 | AU67: 1001 | AV67: 1200 | AW67: 521 | AY67: https://10.116.41.195/grafana/d/edo-radius-full/edo-radius3a-full-auth-acct-2b-kafka-2b-infra?orgId=1&from=1762933396768&to=1762934597102 | BC67: 10 | BD67: 10 | BE67: 10000 | BF67: 3 | BG67: 12 | BH67: 16 | BI67: 120
A68: 60 | B68: 2025-11-12 11:11:09 | C68: EAP-TLS | D68: 30s@160,3m@100,30s@0 | E68: 2025-11-12 11:07:09 | F68: 2025-11-12 11:11:09 | G68: 160 | H68: 207391.89 | I68: 12.3091 | J68: 3.4998 | K68: 1.7967 | L68: 45.3164 | M68: 0 | N68: 0 | O68: 112.78 | P68: 116.7722 | Q68: 57.8779 | R68: 2500 | S68: 150 | T68: 3000 | U68: 300 | V68: 477 | W68: 25199 | X68: 0 | Y68: 25198 | Z68: 99.996 | AA68: 1 | AB68: =AA68/W68 -> 3.9684114e-05 | AC68: 0 | AD68: =AC68/W68 -> 0 | AE68: 0 | AF68: 0 | AG68: 678.69951 | AH68: 1507.1 | AI68: 11776 | AJ68: 1662.6637 | AK68: 13371.475 | AL68: 9 | AM68: 292 | AN68: 32.44 | AO68: 1.8669 | AP68: 1866.9 | AQ68: 835.875 | AR68: 70.4 | AS68: 85.1 | AT68: 2334 | AU68: 1045 | AV68: 1213 | AW68: 543 | AY68: https://10.116.41.195/grafana/d/edo-radius-full/edo-radius3a-full-auth-acct-2b-kafka-2b-infra?orgId=1&from=1762934829801&to=1762935069818 | BC68: 10 | BD68: 10 | BE68: 10000 | BF68: 3 | BG68: 12 | BH68: 16 | BI68: 120
A69: 61 | B69: 2025-11-12 13:38:08 | C69: EAP-TLS | D69: 60s@40,60s@70,60s@100,60s@130,60s@0 | E69: 2025-11-12 13:33:05 | F69: 2025-11-12 13:38:08 | G69: 130 | H69: 105315.55 | I69: 47.3146 | J69: 18.8935 | K69: 0.7275 | L69: 425.7734 | M69: 0 | N69: 0 | O69: 169.62 | P69: 198.42 | Q69: 139.5857 | R69: 2500 | S69: 150 | T69: 3000 | U69: 300 | V69: 1357 | W69: 18372 | X69: 0 | Y69: 12246 | Z69: 66.6558 | AA69: 6126 | AB69: =AA69/W69 -> 0.33344219 | AC69: 215 | AD69: =AC69/W69 -> 0.011702591 | AE69: 0 | AF69: 0 | AG69: 5802.0973 | AH69: 17919.35 | AI69: 60636 | AJ69: 6368.8861 | AK69: 69407.614 | AL69: 3 | AM69: 353 | AN69: 117.67 | AO69: 2.4822 | AP69: 2482.2 | AQ69: 1071.2227 | AT69: 3103 | AU69: 1339 | AV69: 1613 | AW69: 696 | AY69: https://10.116.41.195/grafana/d/edo-radius-full/edo-radius3a-full-auth-acct-2b-kafka-2b-infra?orgId=1&from=1762943585995&to=1762943888902 | BC69: 10 | BD69: 10 | BE69: 10000 | BF69: 3 | BG69: 12 | BH69: 32 | BI69: 120
A70: 62 | B70: 2025-11-12 13:45:44 | C70: EAP-TLS | D70: 5m@130 | E70: 2025-11-12 13:39:43 | F70: 2025-11-12 13:45:44 | G70: 130 | H70: 106287.7 | I70: 47.8242 | J70: 40.9802 | K70: 0.7408 | L70: 425.7734 | M70: 0 | N70: 0 | O70: 186.44 | P70: 226.274 | Q70: 141.4214 | R70: 2500 | S70: 150 | T70: 3000 | U70: 300 | V70: 1423 | W70: 17545 | X70: 0 | Y70: 12853 | Z70: 73.2573 | AA70: 4692 | AB70: =AA70/W70 -> 0.26742662 | AC70: 393 | AD70: =AC70/W70 -> 0.022399544 | AE70: 0 | AF70: 0 | AG70: 5130.8189 | AH70: 18492.8 | AI70: 61028 | AJ70: 5471.0775 | AK70: 64299.937 | AL70: 3 | AM70: 280 | AN70: 93.33 | AO70: 2.4983 | AP70: 2498.3 | AQ70: 1040.0898 | AT70: 3123 | AU70: 1300 | AV70: 1624 | AW70: 676 | AY70: https://10.116.41.195/grafana/d/edo-radius-full/edo-radius3a-full-auth-acct-2b-kafka-2b-infra?orgId=1&from=1762943983719&to=1762944344604 | BC70: 10 | BD70: 10 | BE70: 10000 | BF70: 3 | BG70: 12 | BH70: 32 | BI70: 120
A71: 63 | B71: 2025-11-12 14:11:00 | C71: EAP-TLS | D71: 20m@100 | E71: 2025-11-12 13:50:36 | F71: 2025-11-12 14:11:00 | G71: 100 | H71: 384982.48 | I71: 46.4247 | J71: 26.0875 | K71: 0.8508 | L71: 711.9844 | M71: 0 | N71: 0 | O71: 207.72 | P71: 225.226 | Q71: 141.4214 | R71: 2500 | S71: 150 | T71: 3000 | U71: 300 | V71: 1333 | W71: 58802 | X71: 1197 | Y71: 50760 | Z71: 86.3236 | AA71: 8042 | AB71: =AA71/W71 -> 0.13676406 | AC71: 582 | AD71: =AC71/W71 -> 0.0098976225 | AE71: 0 | AF71: 0 | AG71: 3215.1985 | AH71: 13159.45 | AI71: 60540 | AJ71: 3354.4167 | AK71: 64555.287 | AL71: 3 | AM71: 219 | AN71: 73 | AO71: 2.5041 | AP71: 2504.1 | AQ71: 1444.7812 | AR71: 47.8 | AS71: 44.7 | AT71: 3130 | AU71: 1806 | AV71: 1628 | AW71: 939 | AX71: В процессе троттлинг процессора достиг 100% | AY71: https://10.116.41.195/grafana/d/edo-radius-full/edo-radius3a-full-auth-acct-2b-kafka-2b-infra?orgId=1&from=1762944636348&to=1762945860093 | BC71: 10 | BD71: 10 | BE71: 10000 | BF71: 3 | BG71: 12 | BH71: 32 | BI71: 120
A72: 64 | B72: 2025-11-12 14:27:51 | C72: EAP-TLS | D72: 30s@160,3m@100,30s@0 | E72: 2025-11-12 14:23:21 | F72: 2025-11-12 14:27:51 | G72: 160 | H72: 74196.195 | I72: 57.7913 | J72: 26.9669 | K72: 0.7133 | L72: 261.1875 | M72: 0 | N72: 0 | O72: 31.4677 | P72: 35.3227 | Q72: 141.4214 | R72: 2500 | S72: 150 | T72: 3000 | U72: 300 | V72: 1500 | W72: 20752 | X72: 6547 | Y72: 6976 | Z72: 33.616 | AA72: 13776 | AB72: =AA72/W72 -> 0.66383963 | AC72: 1514 | AD72: =AC72/W72 -> 0.072956823 | AE72: 0 | AF72: 0 | AG72: 12301.943 | AH72: 60030 | AI72: 61014 | AJ72: 13229.185 | AK72: 72900.503 | AL72: 3 | AM72: 453 | AN72: 151 | AO72: 2.4815 | AP72: 2481.5 | AQ72: 1101.6055 | AR72: 43 | AS72: 44.9 | AT72: 3102 | AU72: 1377 | AV72: 1613 | AW72: 716 | AY72: https://10.116.41.195/grafana/d/edo-radius-full/edo-radius3a-full-auth-acct-2b-kafka-2b-infra?orgId=1&from=1762946601391&to=1762946871347 | BC72: 10 | BD72: 10 | BE72: 10000 | BF72: 3 | BG72: 12 | BH72: 32 | BI72: 120
A73: 65 | B73: 2025-11-12 14:44:14 | C73: EAP-TLS | D73: 60s@40,60s@70,60s@100,60s@130,60s@0 | E73: 2025-11-12 14:39:14 | F73: 2025-11-12 14:44:14 | G73: 130 | H73: 166123.98 | I73: 18.5041 | J73: 4.5275 | K73: 1.63 | L73: 90.1797 | M73: 0 | N73: 0 | O73: 156.25 | P73: 160.5798 | Q73: 31.2886 | R73: 2500 | S73: 150 | T73: 3000 | U73: 300 | V73: 400 | W73: 20399 | X73: 0 | Y73: 20398 | Z73: 99.9951 | AA73: 1 | AB73: =AA73/W73 -> 4.9022011e-05 | AC73: 0 | AD73: =AC73/W73 -> 0 | AE73: 0 | AF73: 0 | AG73: 210.43679 | AH73: 378 | AI73: 11130 | AJ73: 314.87499 | AK73: 11203.906 | AL73: 6 | AM73: 154 | AN73: 25.67 | AO73: 2.293 | AP73: 2293 | AQ73: 903.1445 | AT73: 2866 | AU73: 1129 | AV73: 1490 | AW73: 587 | AY73: https://10.116.41.195/grafana/d/edo-radius-full/edo-radius3a-full-auth-acct-2b-kafka-2b-infra?orgId=1&from=1762947554330&to=1762947854348 | BC73: 10 | BD73: 10 | BE73: 10000 | BF73: 3 | BG73: 12 | BH73: 32 | BI73: 120
A74: 66 | B74: 2025-11-12 14:57:19 | C74: EAP-TLS | D74: 5m@130 | E74: 2025-11-12 14:52:16 | F74: 2025-11-12 14:57:19 | G74: 130 | H74: 158387.9 | I74: 21.4636 | J74: 3.4568 | K74: 1.3525 | L74: 45.8164 | M74: 0 | N74: 0 | O74: 155.0687 | P74: 163.32 | Q74: 21.5344 | R74: 2500 | S74: 150 | T74: 3000 | U74: 300 | V74: 400 | W74: 19499 | X74: 0 | Y74: 19498 | Z74: 99.9949 | AA74: 1 | AB74: =AA74/W74 -> 5.1284681e-05 | AC74: 0 | AD74: =AC74/W74 -> 0 | AE74: 0 | AF74: 0 | AG74: 217.09442 | AH74: 404 | AI74: 11133 | AJ74: 314.72832 | AK74: 11207.039 | AL74: 6 | AM74: 168 | AN74: 28 | AO74: 2.2433 | AP74: 2243.3 | AQ74: 927.6953 | AT74: 2804 | AU74: 1160 | AV74: 1458 | AW74: 603 | AY74: https://10.116.41.195/grafana/d/edo-radius-full/edo-radius3a-full-auth-acct-2b-kafka-2b-infra?orgId=1&from=1762948336472&to=1762948639707 | BC74: 10 | BD74: 10 | BE74: 10000 | BF74: 3 | BG74: 12 | BH74: 32 | BI74: 120
A75: 67 | B75: 2025-11-12 15:20:24 | C75: EAP-TLS | D75: 20m@100 | E75: 2025-11-12 15:00:23 | F75: 2025-11-12 15:20:24 | G75: 100 | H75: 484168.68 | I75: 11.5301 | J75: 5.2363 | K75: 1.5433 | L75: 119.3984 | M75: 0 | N75: 0 | O75: 162.9049 | P75: 167.735 | Q75: 165.8312 | R75: 2500 | S75: 150 | T75: 3000 | U75: 300 | V75: 400 | W75: 59998 | X75: 0 | Y75: 59995 | Z75: 99.995 | AA75: 3 | AB75: =AA75/W75 -> 5.0001667e-05 | AC75: 0 | AD75: =AC75/W75 -> 0 | AE75: 0 | AF75: 0 | AG75: 164.54803 | AH75: 215 | AI75: 11155 | AJ75: 227.10536 | AK75: 11241.295 | AL75: 6 | AM75: 111 | AN75: 18.5 | AO75: 2.2804 | AP75: 2280.4 | AQ75: 927.6953 | AT75: 2851 | AU75: 1160 | AV75: 1482 | AW75: 603 | AY75: https://10.116.41.195/grafana/d/edo-radius-full/edo-radius3a-full-auth-acct-2b-kafka-2b-infra?orgId=1&from=1762948823466&to=1762950024923 | BC75: 10 | BD75: 10 | BE75: 10000 | BF75: 3 | BG75: 12 | BH75: 32 | BI75: 120
A76: 68 | B76: 2025-11-12 15:27:01 | C76: EAP-TLS | D76: 30s@160,3m@100,30s@0 | E76: 2025-11-12 15:23:00 | F76: 2025-11-12 15:27:01 | G76: 160 | H76: 207402.98 | I76: 42.4261 | J76: 21.6164 | K76: 2.2683 | L76: 59.1367 | M76: 0 | N76: 0 | O76: 167.5 | P76: 176.925 | Q76: 223.6068 | R76: 2500 | S76: 150 | T76: 3000 | U76: 300 | V76: 486 | W76: 25244 | X76: 0 | Y76: 25243 | Z76: 99.996 | AA76: 1 | AB76: =AA76/W76 -> 3.9613373e-05 | AC76: 0 | AD76: =AC76/W76 -> 0 | AE76: 0 | AF76: 0 | AG76: 806.41669 | AH76: 1709.85 | AI76: 12291 | AJ76: 1910.8414 | AK76: 15392.847 | AL76: 6 | AM76: 258 | AN76: 43 | AO76: 2.3459 | AP76: 2345.9 | AQ76: 972.5078 | AT76: 2932 | AU76: 1216 | AV76: 1525 | AW76: 632 | AY76: https://10.116.41.195/grafana/d/edo-radius-full/edo-radius3a-full-auth-acct-2b-kafka-2b-infra?orgId=1&from=1762950180986&to=1762950421133 | BC76: 10 | BD76: 10 | BE76: 10000 | BF76: 3 | BG76: 12 | BH76: 32 | BI76: 120
A77: 69 | B77: 2025-11-12 15:33:42 | C77: EAP-TLS | D77: 60s@40,60s@70,60s@100,60s@130,60s@0 | E77: 2025-11-12 15:28:42 | F77: 2025-11-12 15:33:42 | G77: 130 | H77: 166908.42 | I77: 34.1743 | J77: 11.9312 | K77: 2.14 | L77: 52.6094 | M77: 0 | N77: 0 | O77: 167.5 | P77: 176.7935 | Q77: 282.8427 | R77: 2500 | S77: 150 | T77: 3000 | U77: 300 | V77: 400 | W77: 20399 | X77: 0 | Y77: 20392 | Z77: 99.9657 | AA77: 7 | AB77: =AA77/W77 -> 0.00034315408 | AC77: 0 | AD77: =AC77/W77 -> 0 | AE77: 0 | AF77: 0 | AG77: 190.47679 | AH77: 319.1 | AI77: 5311 | AJ77: 295.60753 | AK77: 5733.2647 | AL77: 9 | AM77: 159 | AN77: 17.67 | AO77: 2.3748 | AP77: 2374.8 | AQ77: 972.5078 | AT77: 2969 | AU77: 1216 | AV77: 1544 | AW77: 632 | AY77: https://10.116.41.195/grafana/d/edo-radius-full/edo-radius3a-full-auth-acct-2b-kafka-2b-infra?orgId=1&from=1762950522248&to=1762950822269 | BC77: 10 | BD77: 10 | BE77: 10000 | BF77: 3 | BG77: 12 | BH77: 32 | BI77: 120
A78: 70 | B78: 2025-11-12 15:46:59 | C78: EAP-TLS | D78: 5m@130 | E78: 2025-11-12 15:41:58 | F78: 2025-11-12 15:46:59 | G78: 130 | H78: 159422.26 | I78: 4.794 | J78: 0.619 | K78: 1.27 | L78: 24.3359 | M78: 0 | N78: 0 | O78: 99.34 | P78: 105.448 | Q78: 43.5337 | R78: 2500 | S78: 150 | T78: 3000 | U78: 300 | V78: 400 | W78: 19500 | X78: 0 | Y78: 19496 | Z78: 99.9795 | AA78: 4 | AB78: =AA78/W78 -> 0.00020512821 | AC78: 0 | AD78: =AC78/W78 -> 0 | AE78: 0 | AF78: 0 | AG78: 189.27221 | AH78: 320 | AI78: 11188 | AJ78: 297.54825 | AK78: 11683.707 | AL78: 9 | AM78: 154 | AN78: 17.11 | AO78: 1.8341 | AP78: 1834.1 | AQ78: 935.4883 | AT78: 2293 | AU78: 1169 | AV78: 1192 | AW78: 608 | AY78: https://10.116.41.195/grafana/d/edo-radius-full/edo-radius3a-full-auth-acct-2b-kafka-2b-infra?orgId=1&from=1762951318667&to=1762951619139 | BC78: 10 | BD78: 10 | BE78: 10000 | BF78: 3 | BG78: 12 | BH78: 32 | BI78: 120
A79: 71 | B79: 2025-11-12 16:57:52 | C79: EAP-TLS | D79: 20m@100 | E79: 2025-11-12 16:37:52 | F79: 2025-11-12 16:57:52 | G79: 100 | H79: 483929.13 | I79: 2.9796 | J79: 0.2727 | K79: 1.3425 | L79: 28.3008 | M79: 0 | N79: 0 | O79: 88.42 | P79: 92.86 | Q79: 92.9465 | R79: 2500 | S79: 150 | T79: 3000 | U79: 300 | V79: 400 | W79: 59998 | X79: 0 | Y79: 59996 | Z79: 99.9967 | AA79: 2 | AB79: =AA79/W79 -> 3.3334444e-05 | AC79: 0 | AD79: =AC79/W79 -> 0 | AE79: 0 | AF79: 0 | AG79: 169.68397 | AH79: 192 | AI79: 11134 | AJ79: 230.6245 | AK79: 11227.431 | AL79: 9 | AM79: 115 | AN79: 12.78 | AO79: 1.6873 | AP79: 1687.3 | AQ79: 933.0781 | AT79: 2109 | AU79: 1166 | AV79: 1097 | AW79: 607 | AY79: https://10.116.41.195/grafana/d/edo-radius-full/edo-radius3a-full-auth-acct-2b-kafka-2b-infra?orgId=1&from=1762954672300&to=1762955872543 | BC79: 10 | BD79: 10 | BE79: 10000 | BF79: 3 | BG79: 12 | BH79: 32 | BI79: 120
A80: 72 | B80: 2025-11-12 15:52:02 | C80: EAP-TLS | D80: 30s@160,3m@100,30s@0 | E80: 2025-11-12 15:48:02 | F80: 2025-11-12 15:52:02 | G80: 160 | H80: 209933.83 | I80: 12.0334 | J80: 4.3 | K80: 1.95 | L80: 24.3359 | M80: 0 | N80: 0 | O80: 113.48 | P80: 120.212 | Q80: 50.3397 | R80: 2500 | S80: 150 | T80: 3000 | U80: 300 | V80: 461 | W80: 25511 | X80: 0 | Y80: 25510 | Z80: 99.9961 | AA80: 1 | AB80: =AA80/W80 -> 3.9198777e-05 | AC80: 0 | AD80: =AC80/W80 -> 0 | AE80: 0 | AF80: 0 | AG80: 606.29869 | AH80: 1491 | AI80: 11445 | AJ80: 1432.8526 | AK80: 14838.701 | AL80: 9 | AM80: 272 | AN80: 30.22 | AO80: 1.8749 | AP80: 1874.9 | AQ80: 935.4883 | AT80: 2344 | AU80: 1169 | AV80: 1219 | AW80: 608 | AY80: https://10.116.41.195/grafana/d/edo-radius-full/edo-radius3a-full-auth-acct-2b-kafka-2b-infra?orgId=1&from=1762951682802&to=1762951922828 | BC80: 10 | BD80: 10 | BE80: 10000 | BF80: 3 | BG80: 12 | BH80: 32 | BI80: 120
A81: 73 | B81: 2025-11-12 19:25:58 | C81: EAP-TLS | D81: 60s@40,60s@70,60s@100,60s@130,60s@0 | E81: 2025-11-12 19:20:54 | F81: 2025-11-12 19:25:58 | G81: 130 | H81: 112773.54 | I81: 51.158 | J81: 25.2078 | K81: 1.7517 | L81: 422.3203 | M81: 0 | N81: 0 | O81: 165.88 | P81: 204.175 | Q81: 223.6068 | R81: 2500 | S81: 150 | T81: 3000 | U81: 300 | V81: 1305 | W81: 18426 | X81: 0 | Y81: 13338 | Z81: 72.3868 | AA81: 5088 | AB81: =AA81/W81 -> 0.27613155 | AC81: 199 | AD81: =AC81/W81 -> 0.010799957 | AE81: 0 | AF81: 0 | AG81: 5166.0616 | AH81: 16872 | AI81: 60533 | AJ81: 5590.3606 | AK81: 66332.959 | AL81: 3 | AM81: 329 | AN81: 109.67 | AO81: 2.4993 | AP81: 2499.3 | AQ81: 1275.9062 | AR81: нет данных | AS81: нет данных | AT81: 3124 | AU81: 1595 | AV81: 1625 | AW81: 829 | AY81: https://10.116.41.195/grafana/d/edo-radius-full/edo-radius3a-full-auth-acct-2b-kafka-2b-infra?orgId=1&from=1762964454578&to=1762964758550 | BC81: 10 | BD81: 10 | BE81: 10000 | BF81: 3 | BG81: 12 | BH81: 48 | BI81: 120
A82: 74 | B82: 2025-11-12 19:35:19 | C82: EAP-TLS | D82: 5m@130 | E82: 2025-11-12 19:29:29 | F82: 2025-11-12 19:35:19 | G82: 130 | H82: 111311.33 | I82: 45.1042 | J82: 30.1806 | K82: 1.7725 | L82: 432.457 | M82: 0 | N82: 0 | O82: 199.98 | P82: 218.466 | Q82: 139.596 | R82: 2500 | S82: 150 | T82: 3000 | U82: 300 | V82: 1500 | W82: 17826 | X82: 60 | Y82: 13479 | Z82: 75.6143 | AA82: 4347 | AB82: =AA82/W82 -> 0.24385729 | AC82: 54 | AD82: =AC82/W82 -> 0.0030292831 | AE82: 0 | AF82: 0 | AG82: 4470.3019 | AH82: 18016 | AI82: 60271 | AJ82: 4763.5564 | AK82: 62933.008 | AL82: 3 | AM82: 245 | AN82: 81.67 | AO82: 2.4993 | AP82: 2499.3 | AQ82: 1275.9062 | AR82: нет данных | AS82: нет данных | AT82: 3124 | AU82: 1595 | AV82: 1625 | AW82: 829 | AY82: https://10.116.41.195/grafana/d/edo-radius-full/edo-radius3a-full-auth-acct-2b-kafka-2b-infra?orgId=1&from=1762964969944&to=1762965319385 | BC82: 10 | BD82: 10 | BE82: 10000 | BF82: 3 | BG82: 12 | BH82: 48 | BI82: 120
A83: 75 | B83: 2025-11-13 15:15:02 | C83: EAP-TLS | D83: 20m@100 | E83: 2025-11-13 14:54:17 | F83: 2025-11-13 15:15:02 | G83: 100 | H83: 408329.44 | I83: 50.7506 | J83: 11.6258 | K83: 0.8958 | L83: 479.5664 | M83: 0 | N83: 0 | O83: 200.04 | P83: 217.95 | Q83: 141.4214 | R83: 2500 | S83: 150 | T83: 3000 | U83: 300 | V83: 1362 | W83: 58339 | X83: 0 | Y83: 47750 | Z83: 81.8492 | AA83: 10589 | AB83: =AA83/W83 -> 0.18150808 | AC83: 378 | AD83: =AC83/W83 -> 0.0064793706 | AE83: 0 | AF83: 0 | AG83: 3616.9854 | AH83: 16441.4 | AI83: 61505 | AJ83: 3920.4206 | AK83: 71159.545 | AL83: 3 | AM83: 292 | AN83: 97.33 | AO83: 2.5001 | AP83: 2500.1 | AQ83: 1123.9844 | AR83: нет данных | AS83: нет данных | AT83: 3125 | AU83: 1405 | AV83: 1625 | AW83: 731 | AY83: https://10.116.41.195/grafana/d/edo-radius-full/edo-radius3a-full-auth-acct-2b-kafka-2b-infra?orgId=1&from=1763034857048&to=1763036102160 | BC83: 10 | BD83: 10 | BE83: 10000 | BF83: 3 | BG83: 12 | BH83: 48 | BI83: 120
A84: 77 | B84: 2025-11-12 18:42:35 | C84: EAP-TLS | D84: 60s@40,60s@70,60s@100,60s@130,60s@0 | E84: 2025-11-12 18:37:35 | F84: 2025-11-12 18:42:35 | G84: 130 | H84: 167214.29 | I84: 22.091 | J84: 3.9124 | K84: 1.8367 | L84: 63.2227 | M84: 0 | N84: 0 | O84: 156.94 | P84: 163.052 | Q84: 93.5414 | R84: 2500 | S84: 150 | T84: 3000 | U84: 300 | V84: 400 | W84: 20399 | X84: 0 | Y84: 20396 | Z84: 99.9853 | AA84: 3 | AB84: =AA84/W84 -> 0.00014706603 | AC84: 0 | AD84: =AC84/W84 -> 0 | AE84: 0 | AF84: 0 | AG84: 211.97529 | AH84: 396 | AI84: 11212 | AJ84: 322.70802 | AK84: 11298.111 | AL84: 6 | AM84: 162 | AN84: 27 | AO84: 2.3088 | AP84: 2308.8 | AQ84: 861.4648 | AT84: 2886 | AU84: 1077 | AV84: 1501 | AW84: 560 | AY84: https://10.116.41.195/grafana/d/edo-radius-full/edo-radius3a-full-auth-acct-2b-kafka-2b-infra?orgId=1&from=1762961855924&to=1762962155944 | BC84: 10 | BD84: 10 | BE84: 10000 | BF84: 3 | BG84: 12 | BH84: 48 | BI84: 120
A85: 78 | B85: 2025-11-12 18:49:29 | C85: EAP-TLS | D85: 5m@130 | E85: 2025-11-12 18:44:29 | F85: 2025-11-12 18:49:29 | G85: 130 | H85: 159804.88 | I85: 20.0732 | J85: 10.5065 | K85: 1.7742 | L85: 63.2227 | M85: 0 | N85: 0 | O85: 158.61 | P85: 163.85 | Q85: 93.5414 | R85: 2500 | S85: 150 | T85: 3000 | U85: 300 | V85: 400 | W85: 19499 | X85: 0 | Y85: 19498 | Z85: 99.9949 | AA85: 1 | AB85: =AA85/W85 -> 5.1284681e-05 | AC85: 0 | AD85: =AC85/W85 -> 0 | AE85: 0 | AF85: 0 | AG85: 189.68055 | AH85: 330 | AI85: 11166 | AJ85: 284.64481 | AK85: 11295.833 | AL85: 6 | AM85: 147 | AN85: 24.5 | AO85: 2.3088 | AP85: 2308.8 | AQ85: 861.4648 | AT85: 2886 | AU85: 1077 | AV85: 1501 | AW85: 560 | AY85: https://10.116.41.195/grafana/d/edo-radius-full/edo-radius3a-full-auth-acct-2b-kafka-2b-infra?orgId=1&from=1762962269614&to=1762962569945 | BC85: 10 | BD85: 10 | BE85: 10000 | BF85: 3 | BG85: 12 | BH85: 48 | BI85: 120
A86: 79 | B86: 2025-11-12 19:12:52 | C86: EAP-TLS | D86: 20m@100 | E86: 2025-11-12 18:52:52 | F86: 2025-11-12 19:12:52 | G86: 100 | H86: 483726.6 | I86: 12.6973 | J86: 5.3726 | K86: 1.8367 | L86: 63.6289 | M86: 0 | N86: 0 | O86: 158.61 | P86: 163.265 | Q86: 57.4339 | R86: 2500 | S86: 150 | T86: 3000 | U86: 300 | V86: 400 | W86: 59999 | X86: 0 | Y86: 59997 | Z86: 99.9967 | AA86: 2 | AB86: =AA86/W86 -> 3.3333889e-05 | AC86: 0 | AD86: =AC86/W86 -> 0 | AE86: 0 | AF86: 0 | AG86: 158.48041 | AH86: 218 | AI86: 11108 | AJ86: 220.82533 | AK86: 11191.678 | AL86: 6 | AM86: 105 | AN86: 17.5 | AO86: 2.3069 | AP86: 2306.9 | AQ86: 861.4648 | AR86: нет данных | AS86: нет данных | AT86: 2884 | AU86: 1077 | AV86: 1499 | AW86: 560 | AY86: https://10.116.41.195/grafana/d/edo-radius-full/edo-radius3a-full-auth-acct-2b-kafka-2b-infra?orgId=1&from=1762962772584&to=1762963972913 | BC86: 10 | BD86: 10 | BE86: 10000 | BF86: 3 | BG86: 12 | BH86: 48 | BI86: 120
A87: 81 | B87: 2025-11-12 17:46:41 | C87: EAP-TLS | D87: 60s@40,60s@70,60s@100,60s@130,60s@0 | E87: 2025-11-12 17:41:41 | F87: 2025-11-12 17:46:41 | G87: 130 | H87: 164755.59 | I87: 5.3814 | J87: 0.9065 | K87: 1.2717 | L87: 130.3438 | M87: 0 | N87: 0 | O87: 106.14 | P87: 109.112 | Q87: 148.0216 | R87: 2500 | S87: 150 | T87: 3000 | U87: 300 | V87: 400 | W87: 20399 | X87: 0 | Y87: 20396 | Z87: 99.9853 | AA87: 3 | AB87: =AA87/W87 -> 0.00014706603 | AC87: 0 | AD87: =AC87/W87 -> 0 | AE87: 0 | AF87: 0 | AG87: 192.12697 | AH87: 314 | AI87: 11203 | AJ87: 297.59089 | AK87: 11639.187 | AL87: 9 | AM87: 155 | AN87: 17.22 | AO87: 1.7547 | AP87: 1754.7 | AQ87: 808.6172 | AT87: 2193 | AU87: 1011 | AV87: 1141 | AW87: 526 | AY87: https://10.116.41.195/grafana/d/edo-radius-full/edo-radius3a-full-auth-acct-2b-kafka-2b-infra?orgId=1&from=1762958501029&to=1762958801049 | BC87: 10 | BD87: 10 | BE87: 10000 | BF87: 3 | BG87: 12 | BH87: 48 | BI87: 120
A88: 82 | B88: 2025-11-12 17:58:11 | C88: EAP-TLS | D88: 5m@130 | E88: 2025-11-12 17:53:11 | F88: 2025-11-12 17:58:11 | G88: 130 | H88: 159795.66 | I88: 5.1544 | J88: 0.7982 | K88: 1.4625 | L88: 17.6953 | M88: 0 | N88: 0 | O88: 106.14 | P88: 110.896 | Q88: 282.8427 | R88: 2500 | S88: 150 | T88: 3000 | U88: 300 | V88: 400 | W88: 19498 | X88: 0 | Y88: 19497 | Z88: 99.9949 | AA88: 1 | AB88: =AA88/W88 -> 5.1287312e-05 | AC88: 0 | AD88: =AC88/W88 -> 0 | AE88: 0 | AF88: 0 | AG88: 184.72187 | AH88: 311 | AI88: 11126 | AJ88: 291.20527 | AK88: 11209.781 | AL88: 9 | AM88: 149 | AN88: 16.56 | AO88: 1.8773 | AP88: 1877.3 | AQ88: 748.0234 | AT88: 2347 | AU88: 935 | AV88: 1220 | AW88: 486 | AY88: https://10.116.41.195/grafana/d/edo-radius-full/edo-radius3a-full-auth-acct-2b-kafka-2b-infra?orgId=1&from=1762959191102&to=1762959491537 | BC88: 10 | BD88: 10 | BE88: 10000 | BF88: 3 | BG88: 12 | BH88: 48 | BI88: 120
A89: 83 | B89: 2025-11-12 18:28:18 | C89: EAP-TLS | D89: 20m@100 | E89: 2025-11-12 18:08:16 | F89: 2025-11-12 18:28:18 | G89: 100 | H89: 483651.03 | I89: 4.8978 | J89: 1.8372 | K89: 1.7558 | L89: 72.8359 | M89: 0 | N89: 0 | O89: 108.56 | P89: 112.552 | Q89: 282.8427 | R89: 2500 | S89: 150 | T89: 3000 | U89: 300 | V89: 400 | W89: 59999 | X89: 0 | Y89: 59994 | Z89: 99.9917 | AA89: 5 | AB89: =AA89/W89 -> 8.3334722e-05 | AC89: 0 | AD89: =AC89/W89 -> 0 | AE89: 0 | AF89: 0 | AG89: 162.55086 | AH89: 210 | AI89: 11155 | AJ89: 227.169 | AK89: 11359.956 | AL89: 9 | AM89: 118 | AN89: 13.11 | AO89: 1.8612 | AP89: 1861.2 | AQ89: 849.5117 | AT89: 2327 | AU89: 1062 | AV89: 1210 | AW89: 552 | AY89: https://10.116.41.195/grafana/d/edo-radius-full/edo-radius3a-full-auth-acct-2b-kafka-2b-infra?orgId=1&from=1762960096308&to=1762961298447 | BC89: 10 | BD89: 10 | BE89: 10000 | BF89: 3 | BG89: 12 | BH89: 48 | BI89: 120
A90: 84 | B90: 2025-11-12 18:06:01 | C90: EAP-TLS | D90: 30s@160,3m@100,30s@0 | E90: 2025-11-12 18:02:00 | F90: 2025-11-12 18:06:01 | G90: 160 | H90: 204202.23 | I90: 11.7896 | J90: 3.5578 | K90: 1.5883 | L90: 59.7227 | M90: 0 | N90: 0 | O90: 108.46 | P90: 113.028 | Q90: 68 | R90: 2500 | S90: 150 | T90: 3000 | U90: 300 | V90: 475 | W90: 24721 | X90: 0 | Y90: 24720 | Z90: 99.996 | AA90: 1 | AB90: =AA90/W90 -> 4.0451438e-05 | AC90: 0 | AD90: =AC90/W90 -> 0 | AE90: 0 | AF90: 0 | AG90: 777.63489 | AH90: 1696 | AI90: 11748 | AJ90: 1835.409 | AK90: 13731.254 | AL90: 9 | AM90: 276 | AN90: 30.67 | AO90: 1.8612 | AP90: 1861.2 | AQ90: 804.5859 | AT90: 2327 | AU90: 1006 | AV90: 1210 | AW90: 523 | AY90: https://10.116.41.195/grafana/d/edo-radius-full/edo-radius3a-full-auth-acct-2b-kafka-2b-infra?orgId=1&from=1762959720983&to=1762959961003 | BC90: 10 | BD90: 10 | BE90: 10000 | BF90: 3 | BG90: 12 | BH90: 48 | BI90: 120
A91: 85 | B91: 2025-11-13 16:17:20 | C91: EAP-TLS | D91: 60s@40,60s@70,60s@100,60s@130,60s@0 | E91: 2025-11-13 16:12:00 | F91: 2025-11-13 16:17:20 | G91: 130 | H91: 95518.14 | I91: 48.2171 | J91: 18.2659 | K91: 0.6258 | L91: 573.2812 | M91: 0 | N91: 0 | O91: 165.92 | P91: 194.684 | Q91: 140.194 | R91: 2500 | S91: 150 | T91: 3000 | U91: 300 | V91: 1500 | W91: 18041 | X91: 0 | Y91: 11384 | Z91: 63.1007 | AA91: 6657 | AB91: =AA91/W91 -> 0.36899285 | AC91: 560 | AD91: =AC91/W91 -> 0.031040408 | AE91: 0 | AF91: 0 | AG91: 7222.8865 | AH91: 25105 | AI91: 60900 | AJ91: 7792.9453 | AK91: 72195.75 | AL91: 3 | AM91: 520 | AN91: 173.33 | AO91: 2.4597 | AP91: 2459.7 | AQ91: 1139.3867 | AR91: 46.2 | AS91: 19.7 | AT91: 3075 | AU91: 1424 | AV91: 1599 | AW91: 741 | AX91: Нагрузка на ноду с хранилищем выше: 10.116.41.199:9100 24.8 | AY91: https://10.116.41.195/grafana/d/edo-radius-full/edo-radius3a-full-auth-acct-2b-kafka-2b-infra?orgId=1&from=1763039520927&to=1763039840145 | BC91: 10 | BD91: 10 | BE91: 10000 | BF91: 3 | BG91: 12 | BH91: 64 | BI91: 120
A92: 86 | B92: 2025-11-13 16:29:07 | C92: EAP-TLS | D92: 5m@130 | E92: 2025-11-13 16:23:32 | F92: 2025-11-13 16:29:07 | G92: 130 | H92: 103839.98 | I92: 45.0952 | J92: 16.2327 | K92: 0.8342 | L92: 331.8516 | M92: 0 | N92: 0 | O92: 189.28 | P92: 191.87 | Q92: 140.194 | R92: 2500 | S92: 150 | T92: 3000 | U92: 300 | V92: 1259 | W92: 17912 | X92: 0 | Y92: 12816 | Z92: 71.5498 | AA92: 5098 | AB92: =AA92/W92 -> 0.28461367 | AC92: 165 | AD92: =AC92/W92 -> 0.0092117017 | AE92: 0 | AF92: 0 | AG92: 4845.3132 | AH92: 16928.05 | AI92: 60260 | AJ92: 5174.8227 | AK92: 62790.112 | AL92: 3 | AM92: 323 | AN92: 107.67 | AO92: 2.5007 | AP92: 2500.7 | AQ92: 1139.3867 | AR92: 45.3 | AS92: 20.5 | AT92: 3126 | AU92: 1424 | AV92: 1625 | AW92: 741 | AX92: Использование пямяти нодой БД явно больше, чем нодами с радиусом (до 24.6) | AY92: https://10.116.41.195/grafana/d/edo-radius-full/edo-radius3a-full-auth-acct-2b-kafka-2b-infra?orgId=1&from=1763040212846&to=1763040547568 | BC92: 10 | BD92: 10 | BE92: 10000 | BF92: 3 | BG92: 12 | BH92: 64 | BI92: 120
A93: 87 | B93: 2025-11-13 17:06:16 | C93: EAP-TLS | D93: 20m@100 | E93: 2025-11-13 16:45:43 | F93: 2025-11-13 17:06:16 | G93: 100 | H93: 375820.67 | I93: 45.9792 | J93: 25.5689 | K93: 0.8358 | L93: 312.6562 | M93: 0 | N93: 0 | O93: 192.28 | P93: 209.75 | Q93: 137.4649 | R93: 2500 | S93: 150 | T93: 3000 | U93: 300 | V93: 1500 | W93: 58183 | X93: 0 | Y93: 47711 | Z93: 82.0016 | AA93: 10472 | AB93: =AA93/W93 -> 0.17998384 | AC93: 979 | AD93: =AC93/W93 -> 0.016826221 | AE93: 0 | AF93: 0 | AG93: 3967.0643 | AH93: 16209.7 | AI93: 61042 | AJ93: 4251.3714 | AK93: 71011.811 | AL93: 3 | AM93: 431 | AN93: 143.67 | AO93: 2.5014 | AP93: 2501.4 | AQ93: 1147.3008 | AR93: 45.1 | AS93: 22 | AT93: 3127 | AU93: 1434 | AV93: 1626 | AW93: 746 | AX93: Использование пямяти нодой БД явно больше, чем нодами с радиусом 10.116.41.196:9100 22.0 10.116.41.197:9100 16.1 10.116.41.198:9100 18.8 10.116.41.199:9100 25.1 | AY93: https://10.116.41.195/grafana/d/edo-radius-full/edo-radius3a-full-auth-acct-2b-kafka-2b-infra?orgId=1&from=1763041543548&to=1763042776839 | BC93: 10 | BD93: 10 | BE93: 10000 | BF93: 3 | BG93: 12 | BH93: 64 | BI93: 120
A94: 88 | B94: 2025-11-13 16:44:31 | C94: EAP-TLS | D94: 30s@160,3m@100,30s@0 | E94: 2025-11-13 16:40:07 | F94: 2025-11-13 16:44:31 | G94: 160 | H94: 102518.14 | I94: 56.9466 | J94: 26.2323 | K94: 0.6992 | L94: 277.8281 | M94: 0 | N94: 0 | O94: 46.9233 | P94: 42.0314 | Q94: 125.688 | R94: 2500 | S94: 150 | T94: 3000 | U94: 300 | V94: 1500 | W94: 21553 | X94: 0 | Y94: 5522 | Z94: 25.6206 | AA94: 16031 | AB94: =AA94/W94 -> 0.74379437 | AC94: 1381 | AD94: =AC94/W94 -> 0.064074607 | AE94: 0 | AF94: 0 | AG94: 11866.433 | AH94: 60030 | AI94: 61120 | AJ94: 12853.838 | AK94: 66140.966 | AL94: 3 | AM94: 354 | AN94: 118 | AO94: 2.5007 | AP94: 2500.7 | AQ94: 1145.0391 | AR94: 39.5 | AS94: 20.9 | AT94: 3126 | AU94: 1431 | AV94: 1625 | AW94: 744 | AX94: Использование пямяти нодой БД явно больше, чем нодами с радиусом 10.116.41.196:9100 20.9 10.116.41.197:9100 14.3 10.116.41.198:9100 18.0 10.116.41.199:9100 25.2 | AY94: https://10.116.41.195/grafana/d/edo-radius-full/edo-radius3a-full-auth-acct-2b-kafka-2b-infra?orgId=1&from=1763041207868&to=1763041471164 | BC94: 10 | BD94: 10 | BE94: 10000 | BF94: 3 | BG94: 12 | BH94: 64 | BI94: 120
A95: 89 | B95: 2025-11-14 10:29:14 | C95: EAP-TLS | D95: 60s@40,60s@70,60s@100,60s@130,60s@0 | E95: 2025-11-14 10:24:14 | F95: 2025-11-14 10:29:14 | G95: 130 | H95: 164747.2 | I95: 15.494 | J95: 3.4157 | K95: 1.41 | L95: 226.3633 | M95: 0 | N95: 0 | O95: 154.98 | P95: 157.485 | Q95: 21.5309 | R95: 2500 | S95: 150 | T95: 3000 | U95: 300 | V95: 400 | W95: 20399 | X95: 0 | Y95: 20399 | Z95: 100 | AA95: 0 | AB95: =AA95/W95 -> 0 | AC95: 0 | AD95: =AC95/W95 -> 0 | AE95: 0 | AF95: 0 | AG95: 179.16599 | AH95: 287 | AI95: 5174 | AJ95: 262.12782 | AK95: 5238.3577 | AL95: 6 | AM95: 155 | AN95: 25.83 | AO95: 2.1617 | AP95: 2161.7 | AQ95: 797.3555 | AR95: 59.3 | AS95: 24.5 | AT95: 2702 | AU95: 997 | AV95: 1405 | AW95: 518 | AY95: https://10.116.41.195/grafana/d/edo-radius-full/edo-radius3a-full-auth-acct-2b-kafka-2b-infra?orgId=1&from=1763105054402&to=1763105354425 | BC95: 10 | BD95: 10 | BE95: 10000 | BF95: 3 | BG95: 12 | BH95: 64 | BI95: 120
A96: 90 | B96: 2025-11-14 10:37:40 | C96: EAP-TLS | D96: 5m@130 | E96: 2025-11-14 10:32:40 | F96: 2025-11-14 10:37:40 | G96: 130 | H96: 159807.95 | I96: 14.384 | J96: 6.0219 | K96: 1.3292 | L96: 135.7695 | M96: 0 | N96: 0 | O96: 156.26 | P96: 159.8382 | Q96: 30.1034 | R96: 2500 | S96: 150 | T96: 3000 | U96: 300 | V96: 400 | W96: 19499 | X96: 0 | Y96: 19499 | Z96: 100 | AA96: 0 | AB96: =AA96/W96 -> 0 | AC96: 0 | AD96: =AC96/W96 -> 0 | AE96: 0 | AF96: 0 | AG96: 173.04928 | AH96: 269 | AI96: 5163 | AJ96: 253.43112 | AK96: 5228.6261 | AL96: 6 | AM96: 157 | AN96: 26.17 | AO96: 2.2311 | AP96: 2231.1 | AQ96: 796.7148 | AR96: 53.2 | AS96: 24.4 | AT96: 2789 | AU96: 996 | AV96: 1450 | AW96: 518 | AY96: https://10.116.41.195/grafana/d/edo-radius-full/edo-radius3a-full-auth-acct-2b-kafka-2b-infra?orgId=1&from=1763105560506&to=1763105860774 | BC96: 10 | BD96: 10 | BE96: 10000 | BF96: 3 | BG96: 12 | BH96: 64 | BI96: 120
A97: 91 | B97: 2025-11-14 11:01:17 | C97: EAP-TLS | D97: 20m@100 | E97: 2025-11-14 10:41:17 | F97: 2025-11-14 11:01:17 | G97: 100 | H97: 483669.16 | I97: 8.0643 | J97: 4.1226 | K97: 1.41 | L97: 228.8672 | M97: 0 | N97: 0 | O97: 157.7 | P97: 159.8382 | Q97: 77.3067 | R97: 2500 | S97: 150 | T97: 3000 | U97: 300 | V97: 400 | W97: 59999 | X97: 0 | Y97: 59997 | Z97: 99.9967 | AA97: 2 | AB97: =AA97/W97 -> 3.3333889e-05 | AC97: 0 | AD97: =AC97/W97 -> 0 | AE97: 0 | AF97: 0 | AG97: 148.64764 | AH97: 199 | AI97: 5163 | AJ97: 206.98138 | AK97: 5237.3327 | AL97: 6 | AM97: 117 | AN97: 19.5 | AO97: 2.2311 | AP97: 2231.1 | AQ97: 825.3203 | AR97: 52.2 | AS97: 25.3 | AT97: 2789 | AU97: 1032 | AV97: 1450 | AW97: 536 | AY97: https://10.116.41.195/grafana/d/edo-radius-full/edo-radius3a-full-auth-acct-2b-kafka-2b-infra?orgId=1&from=1763106077158&to=1763107277409 | BC97: 10 | BD97: 10 | BE97: 10000 | BF97: 3 | BG97: 12 | BH97: 64 | BI97: 120
A98: 92 | B98: 2025-11-14 11:09:49 | C98: EAP-TLS | D98: 30s@160,3m@100,30s@0 | E98: 2025-11-14 11:05:49 | F98: 2025-11-14 11:09:49 | G98: 160 | H98: 215873.49 | I98: 38.9303 | J98: 15.0819 | K98: 1.27 | L98: 84.4141 | M98: 0 | N98: 0 | O98: 179.28 | P98: 183.675 | Q98: 81.491 | R98: 2500 | S98: 150 | T98: 3000 | U98: 300 | V98: 434 | W98: 26232 | X98: 0 | Y98: 26232 | Z98: 100 | AA98: 0 | AB98: =AA98/W98 -> 0 | AC98: 0 | AD98: =AC98/W98 -> 0 | AE98: 0 | AF98: 0 | AG98: 522.46565 | AH98: 1295.45 | AI98: 5856 | AJ98: 1089.4688 | AK98: 8302.2273 | AL98: 6 | AM98: 235 | AN98: 39.17 | AO98: 2.2478 | AP98: 2247.8 | AQ98: 902.3828 | AR98: 65 | AS98: 26.1 | AT98: 2810 | AU98: 1128 | AV98: 1461 | AW98: 587 | AY98: https://10.116.41.195/grafana/d/edo-radius-full/edo-radius3a-full-auth-acct-2b-kafka-2b-infra?orgId=1&from=1763107549645&to=1763107789667 | BC98: 10 | BD98: 10 | BE98: 10000 | BF98: 3 | BG98: 12 | BH98: 64 | BI98: 120
A99: 93 | B99: 2025-11-14 11:42:25 | C99: EAP-TLS | D99: 30s@160,3m@100,30s@0 | E99: 2025-11-14 11:38:25 | F99: 2025-11-14 11:42:25 | G99: 160 | H99: 215366.4 | I99: 10.1599 | J99: 2.3017 | K99: 1.95 | L99: 38.4258 | M99: 0 | N99: 0 | O99: 124.76 | P99: 131.912 | Q99: 58.2255 | R99: 2500 | S99: 150 | T99: 3000 | U99: 300 | V99: 439 | W99: 26172 | X99: 0 | Y99: 26170 | Z99: 99.9924 | AA99: 2 | AB99: =AA99/W99 -> 7.6417545e-05 | AC99: 0 | AD99: =AC99/W99 -> 0 | AE99: 0 | AF99: 0 | AG99: 567.18203 | AH99: 1513 | AI99: 6290 | AJ99: 1202.2899 | AK99: 7188.852 | AL99: 9 | AM99: 266 | AN99: 44.33 | AO99: 1.8242 | AP99: 1824.2 | AQ99: 897.332 | AR99: 69.8 | AS99: 27.3 | AT99: 2280 | AU99: 1122 | AV99: 1186 | AW99: 583 | AY99: https://10.116.41.195/grafana/d/edo-radius-full/edo-radius3a-full-auth-acct-2b-kafka-2b-infra?orgId=1&from=1763109505933&to=1763109745948 | BC99: 10 | BD99: 10 | BE99: 10000 | BF99: 3 | BG99: 12 | BH99: 64 | BI99: 120
A100: 94 | B100: 2025-11-14 11:52:28 | C100: EAP-TLS | D100: 5m@130 | E100: 2025-11-14 11:47:27 | F100: 2025-11-14 11:52:28 | G100: 130 | H100: 159299.53 | I100: 5.755 | J100: 0.8709 | K100: 1.95 | L100: 36 | M100: 0 | N100: 0 | O100: 126.62 | P100: 131.346 | Q100: 68.4323 | R100: 2500 | S100: 150 | T100: 3000 | U100: 300 | V100: 400 | W100: 19499 | X100: 0 | Y100: 19497 | Z100: 99.9897 | AA100: 2 | AB100: =AA100/W100 -> 0.00010256936 | AC100: 0 | AD100: =AC100/W100 -> 0 | AE100: 0 | AF100: 0 | AG100: 172.15026 | AH100: 251 | AI100: 5213 | AJ100: 256.90387 | AK100: 5288.9982 | AL100: 9 | AM100: 153 | AN100: 25.5 | AO100: 1.8751 | AP100: 1875.1 | AQ100: 897.332 | AR100: 55.3 | AS100: 27.3 | AT100: 2344 | AU100: 1122 | AV100: 1219 | AW100: 583 | AY100: https://10.116.41.195/grafana/d/edo-radius-full/edo-radius3a-full-auth-acct-2b-kafka-2b-infra?orgId=1&from=1763110047744&to=1763110348080 | BC100: 10 | BD100: 10 | BE100: 10000 | BF100: 3 | BG100: 12 | BH100: 64 | BI100: 120
...
